locality_code,locality_name,district_code,district_name,municipal_status_code,municipal_status_name
967,אבו ג'ווייעד (שבט),62,באר שבע,,חסר מעמד מוניציפלי
472,אבו גוש,11,ירושלים,99.0,מועצה מקומית
473,אבו סנאן,24,עכו,99.0,מועצה מקומית
935,אבו סריחאן (שבט),62,באר שבע,,חסר מעמד מוניציפלי
958,אבו עבדון (שבט),62,באר שבע,,חסר מעמד מוניציפלי
1042,אבו עמאר (שבט),62,באר שבע,,חסר מעמד מוניציפלי
932,אבו עמרה (שבט),62,באר שבע,,חסר מעמד מוניציפלי
1342,אבו קורינאת (יישוב),62,באר שבע,68.0,מועצה אזורית נווה מדבר
968,אבו קורינאת (שבט),62,באר שבע,,חסר מעמד מוניציפלי
966,אבו רובייעה (שבט),62,באר שבע,,חסר מעמד מוניציפלי
961,אבו רוקייק (שבט),62,באר שבע,,חסר מעמד מוניציפלי
1375,אבו תלול,62,באר שבע,68.0,מועצה אזורית נווה מדבר
652,אבטין,31,חיפה,12.0,מועצה אזורית זבולון
1275,אבטליון,24,עכו,56.0,מועצה אזורית משגב
679,אביאל,32,חדרה,45.0,מועצה אזורית אלונה
1115,אביבים,21,צפת,2.0,מועצה אזורית מרום הגליל
819,אביגדור,61,אשקלון,33.0,מועצה אזורית באר טוביה
175,אביחיל,41,השרון,16.0,מועצה אזורית עמק חפר
2052,אביטל,23,יזרעאל,8.0,מועצה אזורית הגלבוע
1070,אביעזר,11,ירושלים,26.0,מועצה אזורית מטה יהודה
1220,אבירים,24,עכו,52.0,מועצה אזורית מעלה יוסף
182,אבן יהודה,41,השרון,99.0,מועצה מקומית
1081,אבן מנחם,24,עכו,52.0,מועצה אזורית מעלה יוסף
783,אבן ספיר,11,ירושלים,26.0,מועצה אזורית מטה יהודה
400,אבן שמואל,61,אשקלון,34.0,מועצה אזורית שפיר
4011,אבני איתן,29,גולן,71.0,מועצה אזורית גולן
3793,אבני חפץ,73,טול כרם,72.0,מועצה אזורית שומרון
3786,אבנת,75,ירדן-יריחו,74.0,מועצה אזורית מגילות ים המלח
1311,אבשלום,62,באר שבע,38.0,מועצה אזורית אשכול
3759,אדורה,77,חברון,78.0,מועצה אזורית הר חברון
113,אדירים,23,יזרעאל,8.0,מועצה אזורית הגלבוע
1068,אדמית,24,עכו,4.0,מועצה אזורית מטה אשר
1123,אדרת,11,ירושלים,26.0,מועצה אזורית מטה יהודה
446,אודים,41,השרון,19.0,מועצה אזורית חוף השרון
4010,אודם,29,גולן,71.0,מועצה אזורית גולן
1046,אוהד,62,באר שבע,38.0,מועצה אזורית אשכול
2710,אום אל-פחם,32,חדרה,0.0,עירייה
2024,אום אל-קוטוף,32,חדרה,14.0,מועצה אזורית מנשה
1358,אום בטין,62,באר שבע,69.0,מועצה אזורית אל קסום
1108,אומן,23,יזרעאל,8.0,מועצה אזורית הגלבוע
680,אומץ,41,השרון,16.0,מועצה אזורית עמק חפר
31,אופקים,62,באר שבע,0.0,עירייה
1294,אור הגנוז,21,צפת,2.0,מועצה אזורית מרום הגליל
67,אור הנר,61,אשקלון,37.0,מועצה אזורית שער הנגב
2400,אור יהודה,52,תל אביב,0.0,עירייה
1020,אור עקיבא,32,חדרה,0.0,עירייה
780,אורה,11,ירושלים,26.0,מועצה אזורית מטה יהודה
1771,אורון,62,באר שבע,48.0,מועצה אזורית רמת נגב
2012,אורות,61,אשקלון,33.0,מועצה אזורית באר טוביה
4013,אורטל,29,גולן,71.0,מועצה אזורית גולן
403,אורים,62,באר שבע,38.0,מועצה אזורית אשכול
882,אורנים,31,חיפה,12.0,מועצה אזורית זבולון
3760,אורנית,73,טול כרם,99.0,מועצה מקומית
278,אושה,31,חיפה,12.0,מועצה אזורית זבולון
565,אזור,53,תל אביב,99.0,מועצה מקומית
1852,"אזור אילון מ""א 4",24,עכו,4.0,מועצה אזורית מטה אשר
1851,"אזור אילון מ""א 52",24,עכו,52.0,מועצה אזורית מעלה יוסף
1853,"אזור אילון של""ש",24,עכו,,חסר מעמד מוניציפלי
1922,"אזור אשדוד מ""א 29",61,אשקלון,29.0,מועצה אזורית חבל יבנה
1921,"אזור אשדוד מ""א 33",61,אשקלון,33.0,מועצה אזורית באר טוביה
1923,"אזור אשדוד של""ש",61,אשקלון,,חסר מעמד מוניציפלי
1924,"אזור אשקלון מ""א 36",61,אשקלון,36.0,מועצה אזורית חוף אשקלון
1926,"אזור אשקלון מ""א 37",61,אשקלון,37.0,מועצה אזורית שער הנגב
1937,"אזור באר שבע מ""א 41",62,באר שבע,41.0,מועצה אזורית בני שמעון
1938,"אזור באר שבע מ""א 51",62,באר שבע,51.0,מועצה אזורית תמר
1939,"אזור באר שבע של""ש",62,באר שבע,,חסר מעמד מוניציפלי
1933,"אזור בשור מ""א 38",62,באר שבע,38.0,מועצה אזורית אשכול
1935,"אזור בשור מ""א 39",62,באר שבע,39.0,מועצה אזורית שדות נגב
1934,"אזור בשור מ""א 42",62,באר שבע,42.0,מועצה אזורית מרחבים
1907,"אזור גלילות מ""א 19",51,תל אביב,19.0,מועצה אזורית חוף השרון
1931,"אזור גרר מ""א 39",62,באר שבע,39.0,מועצה אזורית שדות נגב
1929,"אזור גרר מ""א 41",62,באר שבע,41.0,מועצה אזורית בני שמעון
1930,"אזור גרר מ""א 42",62,באר שבע,42.0,מועצה אזורית מרחבים
1866,"אזור זכרון יעקב מ""א 15",32,חדרה,15.0,מועצה אזורית חוף הכרמל
1867,"אזור זכרון יעקב של""ש",32,חדרה,,חסר מעמד מוניציפלי
1873,"אזור חדרה מ""א 14",32,חדרה,14.0,מועצה אזורית מנשה
1872,"אזור חדרה מ""א 15",32,חדרה,15.0,מועצה אזורית חוף הכרמל
1871,"אזור חדרה מ""א 45",32,חדרה,45.0,מועצה אזורית אלונה
1874,"אזור חדרה של""ש",32,חדרה,,חסר מעמד מוניציפלי
1909,"אזור חולון של""ש",53,תל אביב,,חסר מעמד מוניציפלי
1860,"אזור חיפה מ""א 12",31,חיפה,12.0,מועצה אזורית זבולון
1862,"אזור חיפה של""ש",31,חיפה,,חסר מעמד מוניציפלי
1813,"אזור חצור מ""א 1",21,צפת,1.0,מועצה אזורית הגליל העליון
1814,"אזור חצור מ""א 55",21,צפת,55.0,מועצה אזורית מבואות החרמון
1815,"אזור חצור של""ש",21,צפת,,חסר מעמד מוניציפלי
1848,"אזור יחיעם מ""א 2",24,עכו,2.0,מועצה אזורית מרום הגליל
1846,"אזור יחיעם מ""א 4",24,עכו,4.0,מועצה אזורית מטה אשר
1847,"אזור יחיעם מ""א 52",24,עכו,52.0,מועצה אזורית מעלה יוסף
1849,"אזור יחיעם מ""א 56",24,עכו,56.0,מועצה אזורית משגב
1850,"אזור יחיעם של""ש",24,עכו,,חסר מעמד מוניציפלי
1942,"אזור ים המלח מ""א 51",62,באר שבע,51.0,מועצה אזורית תמר
1836,"אזור יקנעם מ""א 13",23,יזרעאל,13.0,מועצה אזורית מגידו
1835,"אזור יקנעם מ""א 9",23,יזרעאל,9.0,מועצה אזורית עמק יזרעאל
1805,"אזור כינרות מ""א 3",22,כנרת,3.0,מועצה אזורית הגליל התחתון
1816,"אזור כנרות מ""א 1",22,כנרת,1.0,מועצה אזורית הגליל העליון
1817,"אזור כנרות מ""א 6",22,כנרת,6.0,מועצה אזורית עמק הירדן
1818,"אזור כנרות של""ש",22,כנרת,,חסר מעמד מוניציפלי
1843,"אזור כרמיאל מ""א 2",24,עכו,2.0,מועצה אזורית מרום הגליל
1844,"אזור כרמיאל מ""א 56",24,עכו,56.0,מועצה אזורית משגב
1845,"אזור כרמיאל של""ש",24,עכו,,חסר מעמד מוניציפלי
1919,"אזור לכיש מ""א 34",61,אשקלון,34.0,מועצה אזורית שפיר
1917,"אזור לכיש מ""א 35",61,אשקלון,35.0,מועצה אזורית יואב
1920,"אזור לכיש מ""א 41",61,אשקלון,41.0,מועצה אזורית בני שמעון
1918,"אזור לכיש מ""א 50",61,אשקלון,50.0,מועצה אזורית לכיש
1887,"אזור מודיעין מ""א 25",43,רמלה,25.0,מועצה אזורית חבל מודיעין
1890,"אזור מודיעין מ""א 30",43,רמלה,30.0,מועצה אזורית גזר
1895,"אזור מודיעין של""ש",43,רמלה,,חסר מעמד מוניציפלי
1911,"אזור מלאכי מ""א 33",61,אשקלון,33.0,מועצה אזורית באר טוביה
1915,"אזור מלאכי מ""א 34",61,אשקלון,34.0,מועצה אזורית שפיר
1913,"אזור מלאכי מ""א 35",61,אשקלון,35.0,מועצה אזורית יואב
1914,"אזור מלאכי מ""א 50",61,אשקלון,50.0,מועצה אזורית לכיש
1855,"אזור נהרייה מ""א 4",24,עכו,4.0,מועצה אזורית מטה אשר
1856,"אזור נהרייה של""ש",24,עכו,,חסר מעמד מוניציפלי
1858,"אזור עכו מ""א 4",24,עכו,4.0,מועצה אזורית מטה אשר
1857,"אזור עכו מ""א 56",24,עכו,56.0,מועצה אזורית משגב
1859,"אזור עכו של""ש",24,עכו,,חסר מעמד מוניציפלי
1888,"אזור פתח תקווה מ""א 20",42,פתח תקווה,20.0,מועצה אזורית דרום השרון
1886,"אזור פתח תקווה מ""א 25",42,פתח תקווה,25.0,מועצה אזורית חבל מודיעין
1889,"אזור פתח תקווה של""ש",42,פתח תקווה,,חסר מעמד מוניציפלי
1903,"אזור ראשל""צ מ""א 27",44,רחובות,27.0,מועצה אזורית גן רווה
1904,"אזור ראשל""צ של""ש",44,רחובות,,חסר מעמד מוניציפלי
1896,"אזור רחובות מ""א 28",44,רחובות,28.0,מועצה אזורית ברנר
1899,"אזור רחובות מ""א 29",44,רחובות,29.0,מועצה אזורית חבל יבנה
1898,"אזור רחובות מ""א 30",44,רחובות,30.0,מועצה אזורית גזר
1901,"אזור רחובות מ""א 31",44,רחובות,31.0,מועצה אזורית נחל שורק
1897,"אזור רחובות מ""א 32",44,רחובות,32.0,מועצה אזורית גדרות
1902,"אזור רחובות של""ש",44,רחובות,,חסר מעמד מוניציפלי
1892,"אזור רמלה מ""א 25",43,רמלה,25.0,מועצה אזורית חבל מודיעין
1891,"אזור רמלה מ""א 30",43,רמלה,30.0,מועצה אזורית גזר
1893,"אזור רמלה מ""א 40",43,רמלה,40.0,מועצה אזורית שדות דן
1894,"אזור רמלה של""ש",43,רמלה,,חסר מעמד מוניציפלי
1908,"אזור רמת גן של""ש",52,תל אביב,,חסר מעמד מוניציפלי
1841,"אזור שפרעם מ""א 56",24,עכו,56.0,מועצה אזורית משגב
1840,"אזור שפרעם מ""א 9",24,עכו,9.0,מועצה אזורית עמק יזרעאל
1842,"אזור שפרעם של""ש",24,עכו,,חסר מעמד מוניציפלי
1905,"אזור תל אביב של""ש",51,תל אביב,,חסר מעמד מוניציפלי
1724,אזור תעסוקה משגב(תרדיון),24,עכו,56.0,מועצה אזורית משגב
1865,"אזור תעשיה אכסאל מ""א 9",23,יזרעאל,9.0,מועצה אזורית עמק יזרעאל
1726,אזור תעשייה אכזיב (מילואות),24,עכו,4.0,מועצה אזורית מטה אשר
1727,אזור תעשייה נעמן (מילואות),24,עכו,4.0,מועצה אזורית מטה אשר
1157,אחווה,61,אשקלון,33.0,מועצה אזורית באר טוביה
821,אחוזם,61,אשקלון,50.0,מועצה אזורית לכיש
1330,אחוזת ברק,23,יזרעאל,9.0,מועצה אזורית עמק יזרעאל
785,אחיהוד,24,עכו,4.0,מועצה אזורית מטה אשר
850,אחיטוב,41,השרון,16.0,מועצה אזורית עמק חפר
804,אחיסמך,43,רמלה,25.0,מועצה אזורית חבל מודיעין
797,אחיעזר,43,רמלה,40.0,מועצה אזורית שדות דן
965,אטרש (שבט),62,באר שבע,,חסר מעמד מוניציפלי
338,איבים,61,אשקלון,37.0,מועצה אזורית שער הנגב
716,אייל,42,פתח תקווה,20.0,מועצה אזורית דרום השרון
77,איילת השחר,21,צפת,1.0,מועצה אזורית הגליל העליון
294,אילון,24,עכו,4.0,מועצה אזורית מטה אשר
1716,אילון תבור*,23,יזרעאל,9.0,מועצה אזורית עמק יזרעאל
1126,אילות,62,באר שבע,53.0,מועצה אזורית חבל אילות
49,אילנייה,22,כנרת,3.0,מועצה אזורית הגליל התחתון
2600,אילת,62,באר שבע,0.0,עירייה
1336,אירוס,44,רחובות,27.0,מועצה אזורית גן רווה
3762,איתמר,72,שכם,72.0,מועצה אזורית שומרון
37,איתן,61,אשקלון,34.0,מועצה אזורית שפיר
886,איתנים,11,ירושלים,26.0,מועצה אזורית מטה יהודה
478,אכסאל,23,יזרעאל,99.0,מועצה מקומית
1339,אל -עזי,61,אשקלון,35.0,מועצה אזורית יואב
1316,אל -עריאן,32,חדרה,14.0,מועצה אזורית מנשה
4003,אל -רום,29,גולן,71.0,מועצה אזורית גולן
1359,אל סייד,62,באר שבע,69.0,מועצה אזורית אל קסום
1145,אלומה,61,אשקלון,34.0,מועצה אזורית שפיר
330,אלומות,22,כנרת,6.0,מועצה אזורית עמק הירדן
1182,אלון הגליל,23,יזרעאל,9.0,מועצה אזורית עמק יזרעאל
3579,אלון מורה,72,שכם,72.0,מועצה אזורית שומרון
3604,אלון שבות,76,בית לחם,76.0,מועצה אזורית גוש עציון
429,אלוני אבא,23,יזרעאל,9.0,מועצה אזורית עמק יזרעאל
4017,אלוני הבשן,29,גולן,71.0,מועצה אזורית גולן
868,אלוני יצחק,32,חדרה,14.0,מועצה אזורית מנשה
285,אלונים,23,יזרעאל,9.0,מועצה אזורית עמק יזרעאל
4002,אלי-עד,29,גולן,71.0,מועצה אזורית גולן
1365,אליאב,61,אשקלון,50.0,מועצה אזורית לכיש
41,אליכין,41,השרון,99.0,מועצה מקומית
1248,אליפז,62,באר שבע,53.0,מועצה אזורית חבל אילות
730,אליפלט,21,צפת,55.0,מועצה אזורית מבואות החרמון
682,אליקים,23,יזרעאל,13.0,מועצה אזורית מגידו
204,אלישיב,41,השרון,16.0,מועצה אזורית עמק חפר
841,אלישמע,42,פתח תקווה,20.0,מועצה אזורית דרום השרון
1125,אלמגור,22,כנרת,6.0,מועצה אזורית עמק הירדן
3556,אלמוג,75,ירדן-יריחו,74.0,מועצה אזורית מגילות ים המלח
1309,אלעד,42,פתח תקווה,0.0,עירייה
3618,אלעזר,76,בית לחם,76.0,מועצה אזורית גוש עציון
3750,אלפי מנשה,73,טול כרם,99.0,מועצה מקומית
603,אלקוש,24,עכו,52.0,מועצה אזורית מעלה יוסף
3560,אלקנה,73,טול כרם,99.0,מועצה מקומית
772,אמונים,61,אשקלון,33.0,מועצה אזורית באר טוביה
1064,אמירים,21,צפת,2.0,מועצה אזורית מרום הגליל
1253,אמנון,21,צפת,55.0,מועצה אזורית מבואות החרמון
23,אמציה,61,אשקלון,50.0,מועצה אזורית לכיש
4012,אניעם,29,גולן,71.0,מועצה אזורית גולן
960,אסד (שבט),62,באר שבע,,חסר מעמד מוניציפלי
3754,אספר,77,חברון,76.0,מועצה אזורית גוש עציון
529,אעבלין,24,עכו,99.0,מועצה מקומית
963,אעצם (שבט),62,באר שבע,,חסר מעמד מוניציפלי
959,אפיניש (שבט),62,באר שבע,,חסר מעמד מוניציפלי
4301,אפיק,29,גולן,71.0,מועצה אזורית גולן
176,אפיקים,22,כנרת,6.0,מועצה אזורית עמק הירדן
313,אפק,24,עכו,4.0,מועצה אזורית מטה אשר
3650,אפרת,76,בית לחם,99.0,מועצה מקומית
701,ארבל,22,כנרת,3.0,מועצה אזורית הגליל התחתון
3598,ארגמן,75,ירדן-יריחו,75.0,מועצה אזורית ערבות הירדן
714,ארז,61,אשקלון,37.0,מועצה אזורית שער הנגב
3570,אריאל,73,טול כרם,0.0,עירייה
1324,ארסוף,41,השרון,19.0,מועצה אזורית חוף השרון
71,אשבול,62,באר שבע,42.0,מועצה אזורית מרחבים
1276,אשבל,24,עכו,56.0,מועצה אזורית משגב
70,אשדוד,61,אשקלון,0.0,עירייה
199,אשדות יעקב (איחוד),22,כנרת,6.0,מועצה אזורית עמק הירדן
188,אשדות יעקב (מאוחד),22,כנרת,6.0,מועצה אזורית עמק הירדן
1188,אשחר,24,עכו,56.0,מועצה אזורית משגב
3722,אשכולות,77,חברון,78.0,מועצה אזורית הר חברון
2021,אשל הנשיא,62,באר שבע,42.0,מועצה אזורית מרחבים
1152,אשלים,62,באר שבע,48.0,מועצה אזורית רמת נגב
7100,אשקלון,61,אשקלון,0.0,עירייה
1256,אשרת,24,עכו,4.0,מועצה אזורית מטה אשר
740,אשתאול,11,ירושלים,26.0,מועצה אזורית מטה יהודה
6000,באקה אל-גרביה,32,חדרה,0.0,עירייה
21,באר אורה,62,באר שבע,53.0,מועצה אזורית חבל אילות
1376,באר גנים,61,אשקלון,36.0,מועצה אזורית חוף אשקלון
155,באר טוביה,61,אשקלון,33.0,מועצה אזורית באר טוביה
2530,באר יעקב,43,רמלה,0.0,עירייה
1278,באר מילכה,62,באר שבע,48.0,מועצה אזורית רמת נגב
9000,באר שבע,62,באר שבע,0.0,עירייה
450,בארות יצחק,42,פתח תקווה,25.0,מועצה אזורית חבל מודיעין
697,בארותיים,41,השרון,16.0,מועצה אזורית עמק חפר
399,בארי,62,באר שבע,38.0,מועצה אזורית אשכול
559,בוסתן הגליל,24,עכו,4.0,מועצה אזורית מטה אשר
482,בועיינה-נוג'ידאת,25,יזרעאל,99.0,מועצה מקומית
4001,בוקעאתא,29,גולן,99.0,מועצה מקומית
698,בורגתה,41,השרון,16.0,מועצה אזורית עמק חפר
2043,בחן,41,השרון,16.0,מועצה אזורית עמק חפר
762,בטחה,62,באר שבע,42.0,מועצה אזורית מרחבים
1725,"בי""ס אזורי מקיף (אשר)",24,עכו,4.0,מועצה אזורית מטה אשר
234,ביצרון,61,אשקלון,33.0,מועצה אזורית באר טוביה
998,ביר אל-מכסור,24,עכו,99.0,מועצה מקומית
1348,ביר הדאג',62,באר שבע,68.0,מועצה אזורית נווה מדבר
368,בירייה,21,צפת,2.0,מועצה אזורית מרום הגליל
317,בית אורן,32,חדרה,15.0,מועצה אזורית חוף הכרמל
3574,בית אל,74,ראמאללה,99.0,מועצה מקומית
562,בית אלעזרי,44,רחובות,28.0,מועצה אזורית ברנר
95,בית אלפא,23,יזרעאל,8.0,מועצה אזורית הגלבוע
3652,בית אריה-עופרים,74,ראמאללה,99.0,מועצה מקומית
1076,בית ברל,42,פתח תקווה,20.0,מועצה אזורית דרום השרון
480,בית ג'ן,24,עכו,99.0,מועצה מקומית
619,בית גוברין,61,אשקלון,35.0,מועצה אזורית יואב
571,בית גמליאל,44,רחובות,29.0,מועצה אזורית חבל יבנה
466,בית דגן,43,רמלה,99.0,מועצה מקומית
723,בית הגדי,62,באר שבע,39.0,מועצה אזורית שדות נגב
373,בית הלוי,41,השרון,16.0,מועצה אזורית עמק חפר
322,בית הלל,21,צפת,55.0,מועצה אזורית מבואות החרמון
572,בית העמק,24,עכו,4.0,מועצה אזורית מטה אשר
3645,בית הערבה,75,ירדן-יריחו,74.0,מועצה אזורית מגילות ים המלח
242,בית השיטה,23,יזרעאל,8.0,מועצה אזורית הגלבוע
353,בית זיד,23,יזרעאל,9.0,מועצה אזורית עמק יזרעאל
710,בית זית,11,ירושלים,26.0,מועצה אזורית מטה יהודה
143,בית זרע,22,כנרת,6.0,מועצה אזורית עמק הירדן
1712,בית חולים פוריה,22,כנרת,6.0,מועצה אזורית עמק הירדן
3575,בית חורון,74,ראמאללה,73.0,מועצה אזורית מטה בנימין
877,בית חירות,41,השרון,16.0,מועצה אזורית עמק חפר
2033,בית חלקיה,44,רחובות,31.0,מועצה אזורית נחל שורק
159,בית חנן,44,רחובות,27.0,מועצה אזורית גן רווה
800,בית חנניה,32,חדרה,15.0,מועצה אזורית חוף הכרמל
1050,בית חשמונאי,43,רמלה,30.0,מועצה אזורית גזר
288,בית יהושע,41,השרון,19.0,מועצה אזורית חוף השרון
265,בית יוסף,23,יזרעאל,7.0,מועצה אזורית עמק המעיינות
200,בית ינאי,41,השרון,16.0,מועצה אזורית עמק חפר
326,בית יצחק-שער חפר,41,השרון,16.0,מועצה אזורית עמק חפר
430,בית לחם הגלילית,23,יזרעאל,9.0,מועצה אזורית עמק יזרעאל
751,בית מאיר,11,ירושלים,26.0,מועצה אזורית מטה יהודה
784,בית נחמיה,43,רמלה,25.0,מועצה אזורית חבל מודיעין
16,בית ניר,61,אשקלון,35.0,מועצה אזורית יואב
672,בית נקופה,11,ירושלים,26.0,מועצה אזורית מטה יהודה
202,בית עובד,44,רחובות,27.0,מועצה אזורית גן רווה
301,בית עוזיאל,43,רמלה,30.0,מועצה אזורית גזר
756,בית עזרא,61,אשקלון,33.0,מועצה אזורית באר טוביה
604,בית עריף,43,רמלה,25.0,מועצה אזורית חבל מודיעין
212,בית צבי,32,חדרה,15.0,מועצה אזורית חוף הכרמל
598,בית קמה,62,באר שבע,41.0,מועצה אזורית בני שמעון
365,בית קשת,22,כנרת,3.0,מועצה אזורית הגליל התחתון
848,בית רבן,44,רחובות,29.0,מועצה אזורית חבל יבנה
1162,בית רימון,23,יזרעאל,3.0,מועצה אזורית הגליל התחתון
9200,בית שאן,23,יזרעאל,0.0,עירייה
2610,בית שמש,11,ירושלים,0.0,עירייה
248,בית שערים,23,יזרעאל,9.0,מועצה אזורית עמק יזרעאל
747,בית שקמה,61,אשקלון,36.0,מועצה אזורית חוף אשקלון
252,ביתן אהרן,41,השרון,16.0,מועצה אזורית עמק חפר
3780,ביתר עילית,76,בית לחם,0.0,עירייה
94,בלפוריה,23,יזרעאל,9.0,מועצה אזורית עמק יזרעאל
760,בן זכאי,44,רחובות,29.0,מועצה אזורית חבל יבנה
712,בן עמי,24,עכו,4.0,מועצה אזורית מטה אשר
1084,בן שמן (כפר נוער),43,רמלה,25.0,מועצה אזורית חבל מודיעין
2013,בן שמן (מושב),43,רמלה,25.0,מועצה אזורית חבל מודיעין
6100,בני ברק,52,תל אביב,0.0,עירייה
1368,בני דקלים,61,אשקלון,50.0,מועצה אזורית לכיש
592,בני דרום,44,רחובות,29.0,מועצה אזורית חבל יבנה
386,בני דרור,41,השרון,18.0,מועצה אזורית לב השרון
4015,בני יהודה,29,גולן,71.0,מועצה אזורית גולן
1363,בני נצרים,62,באר שבע,38.0,מועצה אזורית אשכול
448,בני עטרות,42,פתח תקווה,25.0,מועצה אזורית חבל מודיעין
1066,"בני עי""ש",44,רחובות,99.0,מועצה מקומית
418,בני ציון,41,השרון,19.0,מועצה אזורית חוף השרון
588,בני ראם,44,רחובות,31.0,מועצה אזורית נחל שורק
685,בניה,44,רחובות,28.0,מועצה אזורית ברנר
9800,בנימינה-גבעת עדה*,32,חדרה,99.0,מועצה מקומית
1326,"בסמ""ה",32,חדרה,99.0,מועצה מקומית
944,בסמת טבעון,23,יזרעאל,99.0,מועצה מקומית
483,בענה,24,עכו,99.0,מועצה מקומית
389,בצרה,41,השרון,19.0,מועצה אזורית חוף השרון
589,בצת,24,עכו,4.0,מועצה אזורית מטה אשר
864,בקוע,11,ירושלים,26.0,מועצה אזורית מטה יהודה
3612,בקעות,75,ירדן-יריחו,75.0,מועצה אזורית ערבות הירדן
1854,"בקעת נטופה מ""א 56",24,עכו,56.0,מועצה אזורית משגב
1884,"בקעת תירען מ""א 3",23,יזרעאל,3.0,מועצה אזורית הגליל התחתון
1728,בר-לב,24,עכו,4.0,מועצה אזורית מטה אשר
823,בר גיורא,11,ירושלים,26.0,מועצה אזורית מטה יהודה
1191,בר יוחאי,21,צפת,2.0,מועצה אזורית מרום הגליל
3744,ברוכין,73,טול כרם,72.0,מועצה אזורית שומרון
428,ברור חיל,61,אשקלון,37.0,מועצה אזורית שער הנגב
2060,ברוש,62,באר שבע,41.0,מועצה אזורית בני שמעון
3710,ברכה,72,שכם,72.0,מועצה אזורית שומרון
746,ברכיה,61,אשקלון,36.0,מועצה אזורית חוף אשקלון
667,ברעם,24,עכו,1.0,מועצה אזורית הגליל העליון
141,ברק,23,יזרעאל,8.0,מועצה אזורית הגלבוע
617,ברקאי,32,חדרה,14.0,מועצה אזורית מנשה
3654,ברקן,73,טול כרם,72.0,מועצה אזורית שומרון
2038,ברקת,42,פתח תקווה,25.0,מועצה אזורית חבל מודיעין
1323,בת הדר,61,אשקלון,36.0,מועצה אזורית חוף אשקלון
1361,בת חן,41,השרון,16.0,מועצה אזורית עמק חפר
1319,בת חפר,41,השרון,16.0,מועצה אזורית עמק חפר
6200,בת ים,53,תל אביב,0.0,עירייה
3794,בת עין,76,בית לחם,76.0,מועצה אזורית גוש עציון
33,בת שלמה,32,חדרה,15.0,מועצה אזורית חוף הכרמל
1736,בתי זיקוק - קישון,31,חיפה,,חסר מעמד מוניציפלי
1292,ג'דיידה-מכר,24,עכו,99.0,מועצה מקומית
485,ג'ולס,24,עכו,99.0,מועצה מקומית
627,ג'לג'וליה,42,פתח תקווה,99.0,מועצה מקומית
976,ג'נאביב (שבט),62,באר שבע,,חסר מעמד מוניציפלי
541,ג'סר א-זרקא,32,חדרה,99.0,מועצה מקומית
487,ג'ש (גוש חלב),21,צפת,99.0,מועצה מקומית
628,ג'ת,32,חדרה,99.0,מועצה מקומית
872,גאולי תימן,41,השרון,16.0,מועצה אזורית עמק חפר
379,גאולים,41,השרון,18.0,מועצה אזורית לב השרון
1963,"גאון הירדן מ""א 3",22,כנרת,3.0,מועצה אזורית הגליל התחתון
853,גאליה,44,רחובות,27.0,מועצה אזורית גן רווה
352,גבולות,62,באר שבע,38.0,מועצה אזורית אשכול
424,גבים,61,אשקלון,37.0,מועצה אזורית שער הנגב
86,גבע,23,יזרעאל,8.0,מועצה אזורית הגלבוע
3763,גבע בנימין,74,ראמאללה,73.0,מועצה אזורית מטה בנימין
683,גבע כרמל,32,חדרה,15.0,מועצה אזורית חוף הכרמל
2014,גבעולים,62,באר שבע,39.0,מועצה אזורית שדות נגב
3644,גבעון החדשה,74,ראמאללה,73.0,מועצה אזורית מטה בנימין
1344,גבעות בר,62,באר שבע,41.0,מועצה אזורית בני שמעון
1293,גבעת אבני,22,כנרת,3.0,מועצה אזורית הגליל התחתון
1288,גבעת אלה,23,יזרעאל,9.0,מועצה אזורית עמק יזרעאל
147,גבעת ברנר,44,רחובות,28.0,מועצה אזורית ברנר
870,גבעת השלושה,42,פתח תקווה,20.0,מועצה אזורית דרום השרון
3730,גבעת זאב,74,ראמאללה,99.0,מועצה מקומית
207,"גבעת ח""ן",42,פתח תקווה,20.0,מועצה אזורית דרום השרון
1740,גבעת חביבה,32,חדרה,14.0,מועצה אזורית מנשה
2018,גבעת חיים (איחוד),41,השרון,16.0,מועצה אזורית עמק חפר
173,גבעת חיים (מאוחד),41,השרון,16.0,מועצה אזורית עמק חפר
4021,גבעת יואב,29,גולן,71.0,מועצה אזורית גולן
787,גבעת יערים,11,ירושלים,26.0,מועצה אזורית מטה יהודה
919,גבעת ישעיהו,11,ירושלים,26.0,מועצה אזורית מטה יהודה
802,"גבעת כ""ח",42,פתח תקווה,25.0,מועצה אזורית חבל מודיעין
360,"גבעת ניל""י",32,חדרה,45.0,מועצה אזורית אלונה
703,גבעת עוז,23,יזרעאל,13.0,מועצה אזורית מגידו
681,גבעת שמואל,42,פתח תקווה,0.0,עירייה
566,גבעת שמש,11,ירושלים,26.0,מועצה אזורית מטה יהודה
1077,גבעת שפירא,41,השרון,16.0,מועצה אזורית עמק חפר
793,גבעתי,61,אשקלון,33.0,מועצה אזורית באר טוביה
6300,גבעתיים,52,תל אביב,0.0,עירייה
342,גברעם,61,אשקלון,36.0,מועצה אזורית חוף אשקלון
133,גבת,23,יזרעאל,9.0,מועצה אזורית עמק יזרעאל
35,גדות,21,צפת,1.0,מועצה אזורית הגליל העליון
145,גדיש,23,יזרעאל,8.0,מועצה אזורית הגלבוע
442,גדעונה,23,יזרעאל,8.0,מועצה אזורית הגלבוע
2550,גדרה,44,רחובות,99.0,מועצה מקומית
1966,"גולן דרומי מ""א 71",29,גולן,71.0,מועצה אזורית גולן
1962,"גולן צפוני מ""א 71",29,גולן,71.0,מועצה אזורית גולן
1964,"גולן תיכון מ""א 71",29,גולן,71.0,מועצה אזורית גולן
852,גונן,21,צפת,1.0,מועצה אזורית הגליל העליון
755,גורן,24,עכו,52.0,מועצה אזורית מעלה יוסף
1219,גורנות הגליל,24,עכו,52.0,מועצה אזורית מעלה יוסף
457,גזית,23,יזרעאל,9.0,מועצה אזורית עמק יזרעאל
370,גזר,43,רמלה,30.0,מועצה אזורית גזר
706,גיאה,61,אשקלון,36.0,מועצה אזורית חוף אשקלון
196,גיבתון,44,רחובות,28.0,מועצה אזורית ברנר
1043,גיזו,11,ירושלים,26.0,מועצה אזורית מטה יהודה
1204,גילון,24,עכו,56.0,מועצה אזורית משגב
736,גילת,62,באר שבע,42.0,מועצה אזורית מרחבים
262,גינוסר,22,כנרת,6.0,מועצה אזורית עמק הירדן
92,גיניגר,23,יזרעאל,9.0,מועצה אזורית עמק יזרעאל
863,גינתון,43,רמלה,25.0,מועצה אזורית חבל מודיעין
1206,גיתה,24,עכו,52.0,מועצה אזורית מעלה יוסף
3613,גיתית,75,ירדן-יריחו,75.0,מועצה אזורית ערבות הירדן
393,גלאון,61,אשקלון,35.0,מועצה אזורית יואב
3606,גלגל,75,ירדן-יריחו,75.0,מועצה אזורית ערבות הירדן
346,גליל ים,51,תל אביב,19.0,מועצה אזורית חוף השרון
1809,"גליל עליון מז מ""א 1",21,צפת,1.0,מועצה אזורית הגליל העליון
1811,"גליל עליון מז מ""א 2",21,צפת,2.0,מועצה אזורית מרום הגליל
1810,"גליל עליון מז מ""א 55",21,צפת,55.0,מועצה אזורית מבואות החרמון
1812,"גליל עליון מז של""ש",21,צפת,,חסר מעמד מוניציפלי
1820,"גליל תחתון מז מ""א 2",22,כנרת,2.0,מועצה אזורית מרום הגליל
1819,"גליל תחתון מז מ""א 3",22,כנרת,3.0,מועצה אזורית הגליל התחתון
1821,"גליל תחתון מז מ""א 6",22,כנרת,6.0,מועצה אזורית עמק הירדן
1822,"גליל תחתון מז של""ש",22,כנרת,,חסר מעמד מוניציפלי
369,גלעד (אבן יצחק),23,יזרעאל,13.0,מועצה אזורית מגידו
1997,"גמ""ל מחוז דרום",62,באר שבע,,חסר מעמד מוניציפלי
745,גמזו,43,רמלה,25.0,מועצה אזורית חבל מודיעין
1072,גן הדרום,44,רחובות,32.0,מועצה אזורית גדרות
225,גן השומרון,32,חדרה,14.0,מועצה אזורית מנשה
239,גן חיים,42,פתח תקווה,20.0,מועצה אזורית דרום השרון
734,גן יאשיה,41,השרון,16.0,מועצה אזורית עמק חפר
166,גן יבנה,44,רחובות,99.0,מועצה מקומית
1274,גן נר,23,יזרעאל,8.0,מועצה אזורית הגלבוע
311,גן שורק,44,רחובות,27.0,מועצה אזורית גן רווה
144,גן שלמה,44,רחובות,28.0,מועצה אזורית ברנר
72,גן שמואל,32,חדרה,14.0,מועצה אזורית מנשה
836,גנות,43,רמלה,40.0,מועצה אזורית שדות דן
549,גנות הדר,41,השרון,18.0,מועצה אזורית לב השרון
1103,גני הדר,43,רמלה,30.0,מועצה אזורית גזר
1371,גני טל,44,רחובות,31.0,מועצה אזורית נחל שורק
862,גני יוחנן,44,רחובות,30.0,מועצה אזורית גזר
3823,גני מודיעין,74,ראמאללה,73.0,מועצה אזורית מטה בנימין
218,גני עם,42,פתח תקווה,20.0,מועצה אזורית דרום השרון
229,גני תקווה,42,פתח תקווה,99.0,מועצה מקומית
842,געש,41,השרון,19.0,מועצה אזורית חוף השרון
463,געתון,24,עכו,4.0,מועצה אזורית מטה אשר
39,גפן,11,ירושלים,26.0,מועצה אזורית מטה יהודה
1129,גרופית,62,באר שבע,53.0,מועצה אזורית חבל אילות
4022,גשור,29,גולן,71.0,מועצה אזורית גולן
305,גשר,23,יזרעאל,7.0,מועצה אזורית עמק המעיינות
574,גשר הזיו,24,עכו,4.0,מועצה אזורית מטה אשר
340,גת (קיבוץ),61,אשקלון,35.0,מועצה אזורית יואב
128,גת רימון,42,פתח תקווה,20.0,מועצה אזורית דרום השרון
494,דאלית אל-כרמל,31,חיפה,99.0,מועצה מקומית
146,דבורה,23,יזרעאל,8.0,מועצה אזורית הגלבוע
489,דבורייה,23,יזרעאל,99.0,מועצה מקומית
849,דבירה,62,באר שבע,41.0,מועצה אזורית בני שמעון
407,דברת,23,יזרעאל,9.0,מועצה אזורית עמק יזרעאל
62,דגניה א',22,כנרת,6.0,מועצה אזורית עמק הירדן
79,דגניה ב',22,כנרת,6.0,מועצה אזורית עמק הירדן
1067,"דוב""ב",24,עכו,2.0,מועצה אזורית מרום הגליל
3747,דולב,74,ראמאללה,73.0,מועצה אזורית מטה בנימין
738,דור,32,חדרה,15.0,מועצה אזורית חוף הכרמל
336,דורות,61,אשקלון,37.0,מועצה אזורית שער הנגב
475,דחי,23,יזרעאל,66.0,מועצה אזורית בוסתן אל-מרג'
490,דייר אל-אסד,24,עכו,99.0,מועצה מקומית
492,דייר חנא,24,עכו,99.0,מועצה מקומית
493,דייר ראפאת,11,ירושלים,26.0,מועצה אזורית מטה יהודה
2200,דימונה,62,באר שבע,0.0,עירייה
2063,דישון,21,צפת,55.0,מועצה אזורית מבואות החרמון
300,דלייה,23,יזרעאל,13.0,מועצה אזורית מגידו
431,דלתון,21,צפת,2.0,מועצה אזורית מרום הגליל
1317,דמיידה,24,עכו,56.0,מועצה אזורית משגב
303,דן,21,צפת,1.0,מועצה אזורית הגליל העליון
302,דפנה,21,צפת,1.0,מועצה אזורית הגליל העליון
1241,דקל,62,באר שבע,38.0,מועצה אזורית אשכול
1881,"דרום השרון מ""א 18",42,פתח תקווה,18.0,מועצה אזורית לב השרון
1882,"דרום השרון מ""א 20",42,פתח תקווה,20.0,מועצה אזורית דרום השרון
1885,"דרום השרון של""ש",42,פתח תקווה,,חסר מעמד מוניציפלי
1998,דרום יהודה,77,חברון,,חסר מעמד מוניציפלי
1349,דריג'את,62,באר שבע,69.0,מועצה אזורית אל קסום
702,האון,22,כנרת,6.0,מועצה אזורית עמק הירדן
675,הבונים,32,חדרה,15.0,מועצה אזורית חוף הכרמל
356,הגושרים,21,צפת,1.0,מועצה אזורית הגליל העליון
191,הדר עם,41,השרון,16.0,מועצה אזורית עמק חפר
9700,הוד השרון,42,פתח תקווה,0.0,עירייה
1322,הודיות,22,כנרת,3.0,מועצה אזורית הגליל התחתון
726,הודייה,61,אשקלון,36.0,מועצה אזורית חוף אשקלון
1169,הוואשלה (שבט),62,באר שבע,,חסר מעמד מוניציפלי
956,הוזייל (שבט),62,באר שבע,,חסר מעמד מוניציפלי
1186,הושעיה,23,יזרעאל,9.0,מועצה אזורית עמק יזרעאל
250,הזורע,23,יזרעאל,13.0,מועצה אזורית מגידו
307,הזורעים,22,כנרת,3.0,מועצה אזורית הגליל התחתון
434,החותרים,32,חדרה,15.0,מועצה אזורית חוף הכרמל
684,היוגב,23,יזרעאל,9.0,מועצה אזורית עמק יזרעאל
1208,הילה,24,עכו,52.0,מועצה אזורית מעלה יוסף
377,המעפיל,41,השרון,16.0,מועצה אזורית עמק חפר
1751,המרכז למחקר-נחל שורק,44,רחובות,,חסר מעמד מוניציפלי
677,הסוללים,23,יזרעאל,9.0,מועצה אזורית עמק יזרעאל
423,העוגן,41,השרון,16.0,מועצה אזורית עמק חפר
1944,"הערבה מ""א 51",62,באר שבע,51.0,מועצה אזורית תמר
1945,"הערבה מ""א 53",62,באר שבע,53.0,מועצה אזורית חבל אילות
1946,"הערבה מ""א 54",62,באר שבע,54.0,מועצה אזורית הערבה התיכונה
3769,הר אדר,74,ראמאללה,99.0,מועצה מקומית
1869,"הר אלכסנדר מ""א 14",32,חדרה,14.0,מועצה אזורית מנשה
1868,"הר אלכסנדר מ""א 45",32,חדרה,45.0,מועצה אזורית אלונה
1870,"הר אלכסנדר של""ש",32,חדרה,,חסר מעמד מוניציפלי
3603,הר גילה,76,בית לחם,76.0,מועצה אזורית גוש עציון
1953,"הר הנגב הדרומי מ""א 48",62,באר שבע,48.0,מועצה אזורית רמת נגב
1951,"הר הנגב הדרומי מ""א 53",62,באר שבע,53.0,מועצה אזורית חבל אילות
1952,"הר הנגב הדרומי מ""א 54",62,באר שבע,54.0,מועצה אזורית הערבה התיכונה
1948,"הר הנגב הצפוני מ""א 48",62,באר שבע,48.0,מועצה אזורית רמת נגב
1949,"הר הנגב הצפוני מ""א 51",62,באר שבע,51.0,מועצה אזורית תמר
1947,"הר הנגב הצפוני מ""א 53",62,באר שבע,53.0,מועצה אזורית חבל אילות
1950,"הר הנגב הצפוני מ""א 54",62,באר שבע,54.0,מועצה אזורית הערבה התיכונה
1261,הר עמשא,62,באר שבע,51.0,מועצה אזורית תמר
464,הראל,11,ירושלים,26.0,מועצה אזורית מטה יהודה
1249,הרדוף,23,יזרעאל,9.0,מועצה אזורית עמק יזרעאל
1801,"הרי יהודה מ""א 26",11,ירושלים,26.0,מועצה אזורית מטה יהודה
1802,"הרי יהודה של""ש",11,ירושלים,,חסר מעמד מוניציפלי
1823,הרי נצרת-תירען,23,יזרעאל,,חסר מעמד מוניציפלי
1839,"הרי נצרת-תירען מ""א 9",23,יזרעאל,9.0,מועצה אזורית עמק יזרעאל
6400,הרצלייה,51,תל אביב,0.0,עירייה
1203,הררית,24,עכו,56.0,מועצה אזורית משגב
1999,השומרון,71,ג'נין,,חסר מעמד מוניציפלי
3639,ורד יריחו,75,ירדן-יריחו,74.0,מועצה אזורית מגילות ים המלח
1133,ורדון,61,אשקלון,35.0,מועצה אזורית יואב
2742,זבארגה (שבט),62,באר שבע,,חסר מעמד מוניציפלי
815,זבדיאל,61,אשקלון,34.0,מועצה אזורית שפיר
44,זוהר,61,אשקלון,50.0,מועצה אזורית לכיש
584,זיקים,61,אשקלון,36.0,מועצה אזורית חוף אשקלון
788,זיתן,43,רמלה,40.0,מועצה אזורית שדות דן
9300,זכרון יעקב,32,חדרה,99.0,מועצה מקומית
799,זכריה,11,ירושלים,26.0,מועצה אזורית מטה יהודה
1290,זמר,41,השרון,99.0,מועצה מקומית
1065,זמרת,62,באר שבע,39.0,מועצה אזורית שדות נגב
816,זנוח,11,ירושלים,26.0,מועצה אזורית מטה יהודה
2064,זרועה,62,באר שבע,39.0,מועצה אזורית שדות נגב
975,זרזיר,23,יזרעאל,99.0,מועצה מקומית
818,זרחיה,61,אשקלון,34.0,מועצה אזורית שפיר
1321,ח'ואלד,31,חיפה,12.0,מועצה אזורית זבולון
986,ח'ואלד (שבט),25,יזרעאל,,חסר מעמד מוניציפלי
235,חבצלת השרון,41,השרון,16.0,מועצה אזורית עמק חפר
1110,חבר,23,יזרעאל,8.0,מועצה אזורית הגלבוע
717,חגור,42,פתח תקווה,20.0,מועצה אזורית דרום השרון
3764,חגי,77,חברון,78.0,מועצה אזורית הר חברון
205,חגלה,41,השרון,16.0,מועצה אזורית עמק חפר
4026,חד-נס,29,גולן,71.0,מועצה אזורית גולן
618,חדיד,43,רמלה,25.0,מועצה אזורית חבל מודיעין
6500,חדרה,32,חדרה,0.0,עירייה
948,חוג'ייראת (ד'הרה) (שבט),24,עכו,56.0,מועצה אזורית משגב
160,חולדה,43,רמלה,30.0,מועצה אזורית גזר
6600,חולון,53,תל אביב,0.0,עירייה
1239,חולית,62,באר שבע,38.0,מועצה אזורית אשכול
253,חולתה,21,צפת,1.0,מועצה אזורית הגליל העליון
662,חוסן,24,עכו,52.0,מועצה אזורית מעלה יוסף
1332,חוסנייה,24,עכו,56.0,מועצה אזורית משגב
1864,"חוף הכרמל מ""א 15",32,חדרה,15.0,מועצה אזורית חוף הכרמל
115,חופית,41,השרון,16.0,מועצה אזורית עמק חפר
374,חוקוק,22,כנרת,6.0,מועצה אזורית עמק הירדן
1303,חורה,62,באר שבע,99.0,מועצה מקומית
496,חורפיש,24,עכו,99.0,מועצה מקומית
355,חורשים,42,פתח תקווה,20.0,מועצה אזורית דרום השרון
1047,חזון,21,צפת,2.0,מועצה אזורית מרום הגליל
219,חיבת ציון,41,השרון,16.0,מועצה אזורית עמק חפר
3643,חיננית,71,ג'נין,72.0,מועצה אזורית שומרון
4000,חיפה,31,חיפה,0.0,עירייה
162,חירות,41,השרון,18.0,מועצה אזורית לב השרון
1272,חלוץ,24,עכו,56.0,מועצה אזורית משגב
820,חלץ,61,אשקלון,36.0,מועצה אזורית חוף אשקלון
801,"חמ""ד",43,רמלה,40.0,מועצה אזורית שדות דן
993,חמאם,22,כנרת,65.0,מועצה אזורית אל-בטוף
343,חמדיה,23,יזרעאל,7.0,מועצה אזורית עמק המעיינות
3646,חמדת,75,ירדן-יריחו,75.0,מועצה אזורית ערבות הירדן
3609,חמרה,75,ירדן-יריחו,75.0,מועצה אזורית ערבות הירדן
807,חניאל,41,השרון,16.0,מועצה אזורית עמק חפר
280,חניתה,24,עכו,4.0,מועצה אזורית מטה אשר
1257,חנתון,23,יזרעאל,9.0,מועצה אזורית עמק יזרעאל
4005,חספין,29,גולן,71.0,מועצה אזורית גולן
363,חפץ חיים,44,רחובות,31.0,מועצה אזורית נחל שורק
90,חפצי-בה,23,יזרעאל,8.0,מועצה אזורית הגלבוע
700,חצב,61,אשקלון,33.0,מועצה אזורית באר טוביה
13,חצבה,62,באר שבע,54.0,מועצה אזורית הערבה התיכונה
406,חצור-אשדוד,61,אשקלון,33.0,מועצה אזורית באר טוביה
2034,חצור הגלילית,21,צפת,99.0,מועצה מקומית
397,חצרים,62,באר שבע,41.0,מועצה אזורית בני שמעון
422,חרב לאת,41,השרון,16.0,מועצה אזורית עמק חפר
1024,חרוצים,41,השרון,19.0,מועצה אזורית חוף השרון
1247,חריש,32,חדרה,99.0,מועצה מקומית
1960,"חרמון מ""א 71",29,גולן,71.0,מועצה אזורית גולן
3717,חרמש,71,ג'נין,72.0,מועצה אזורית שומרון
1209,חרשים,24,עכו,56.0,מועצה אזורית משגב
3770,חשמונאים,74,ראמאללה,73.0,מועצה אזורית מטה בנימין
6700,טבריה,22,כנרת,0.0,עירייה
962,טובא-זנגרייה,21,צפת,99.0,מועצה מקומית
498,טורעאן,25,יזרעאל,99.0,מועצה מקומית
2730,טייבה,41,השרון,0.0,עירייה
497,טייבה (בעמק),23,יזרעאל,8.0,מועצה אזורית הגלבוע
2720,טירה,41,השרון,0.0,עירייה
663,טירת יהודה,42,פתח תקווה,25.0,מועצה אזורית חבל מודיעין
2100,טירת כרמל,31,חיפה,0.0,עירייה
268,טירת צבי,23,יזרעאל,7.0,מועצה אזורית עמק המעיינות
1181,טל-אל,24,עכו,56.0,מועצה אזורית משגב
462,טל שחר,11,ירושלים,26.0,מועצה אזורית מטה יהודה
1177,טללים,62,באר שבע,48.0,מועצה אזורית רמת נגב
3788,טלמון,74,ראמאללה,73.0,מועצה אזורית מטה בנימין
8900,טמרה,24,עכו,0.0,עירייה
547,טמרה (יזרעאל),23,יזרעאל,8.0,מועצה אזורית הגלבוע
3743,טנא,77,חברון,78.0,מועצה אזורית הר חברון
1214,טפחות,21,צפת,2.0,מועצה אזורית מרום הגליל
1295,יאנוח-ג'ת,24,עכו,99.0,מועצה מקומית
1232,יבול,62,באר שבע,38.0,מועצה אזורית אשכול
46,יבנאל,22,כנרת,99.0,מועצה מקומית
2660,יבנה,44,רחובות,0.0,עירייה
96,יגור,31,חיפה,12.0,מועצה אזורית זבולון
798,יגל,43,רמלה,40.0,מועצה אזורית שדות דן
577,יד בנימין,44,רחובות,31.0,מועצה אזורית נחל שורק
1134,יד השמונה,11,ירושלים,26.0,מועצה אזורית מטה יהודה
758,יד חנה,41,השרון,16.0,מועצה אזורית עמק חפר
358,יד מרדכי,61,אשקלון,36.0,מועצה אזורית חוף אשקלון
775,יד נתן,61,אשקלון,50.0,מועצה אזורית לכיש
64,"יד רמב""ם",43,רמלה,30.0,מועצה אזורית גזר
1144,ידידה,11,ירושלים,26.0,מועצה אזורית מטה יהודה
9400,יהוד-מונוסון,42,פתח תקווה,0.0,עירייה
1158,יהל,62,באר שבע,53.0,מועצה אזורית חבל אילות
2009,יובל,21,צפת,55.0,מועצה אזורית מבואות החרמון
1226,יובלים,24,עכו,56.0,מועצה אזורית משגב
1112,יודפת,24,עכו,56.0,מועצה אזורית משגב
4007,יונתן,29,גולן,71.0,מועצה אזורית גולן
803,יושיביה,62,באר שבע,39.0,מועצה אזורית שדות נגב
452,יזרעאל,23,יזרעאל,8.0,מועצה אזורית הגלבוע
409,יחיעם,24,עכו,4.0,מועצה אזורית מטה אשר
866,יטבתה,62,באר שבע,53.0,מועצה אזורית חבל אילות
3607,"ייט""ב",75,ירדן-יריחו,75.0,מועצה אזורית ערבות הירדן
811,יכיני,61,אשקלון,37.0,מועצה אזורית שער הנגב
1772,ים המלח - בתי מלון,62,באר שבע,51.0,מועצה אזורית תמר
753,ינוב,41,השרון,18.0,מועצה אזורית לב השרון
2011,ינון,61,אשקלון,33.0,מועצה אזורית באר טוביה
29,יסוד המעלה,21,צפת,99.0,מועצה מקומית
440,יסודות,44,רחובות,31.0,מועצה אזורית נחל שורק
575,יסעור,24,עכו,4.0,מועצה אזורית מטה אשר
1138,יעד,24,עכו,56.0,מועצה אזורית משגב
1117,יעל,23,יזרעאל,8.0,מועצה אזורית הגלבוע
1044,יעף,41,השרון,18.0,מועצה אזורית לב השרון
795,יערה,24,עכו,52.0,מועצה אזורית מעלה יוסף
1863,"יערות גבעת המורה מ""א 9",23,יזרעאל,9.0,מועצה אזורית עמק יזרעאל
499,יפיע,25,יזרעאל,99.0,מועצה מקומית
3566,יפית,75,ירדן-יריחו,75.0,מועצה אזורית ערבות הירדן
134,יפעת,23,יזרעאל,9.0,מועצה אזורית עמק יזרעאל
453,יפתח,21,צפת,1.0,מועצה אזורית הגליל העליון
3749,יצהר,72,שכם,72.0,מועצה אזורית שומרון
759,יציץ,43,רמלה,30.0,מועצה אזורית גזר
417,יקום,41,השרון,19.0,מועצה אזורית חוף השרון
3647,יקיר,73,טול כרם,72.0,מועצה אזורית שומרון
241,יקנעם (מושבה),23,יזרעאל,13.0,מועצה אזורית מגידו
240,יקנעם עילית,23,יזרעאל,0.0,עירייה
623,יראון,24,עכו,1.0,מועצה אזורית הגליל העליון
2026,ירדנה,23,יזרעאל,7.0,מועצה אזורית עמק המעיינות
831,ירוחם,62,באר שבע,99.0,מועצה מקומית
3000,ירושלים,11,ירושלים,0.0,עירייה
718,ירחיב,42,פתח תקווה,20.0,מועצה אזורית דרום השרון
502,ירכא,24,עכו,99.0,מועצה מקומית
183,ירקונה,42,פתח תקווה,20.0,מועצה אזורית דרום השרון
916,ישע,62,באר שבע,38.0,מועצה אזורית אשכול
805,ישעי,11,ירושלים,26.0,מועצה אזורית מטה יהודה
828,ישרש,43,רמלה,30.0,מועצה אזורית גזר
1227,יתד,62,באר שבע,38.0,מועצה אזורית אשכול
504,כאבול,24,עכו,99.0,מועצה מקומית
505,כאוכב אבו אל-היג'א,24,עכו,99.0,מועצה מקומית
576,כברי,24,עכו,4.0,מועצה אזורית מטה אשר
371,כדורי,22,כנרת,3.0,מועצה אזורית הגליל התחתון
1338,כדיתה,21,צפת,2.0,מועצה אזורית מרום הגליל
3564,כוכב השחר,74,ראמאללה,73.0,מועצה אזורית מטה בנימין
1224,כוכב יאיר,42,פתח תקווה,99.0,מועצה מקומית
3779,כוכב יעקב,74,ראמאללה,73.0,מועצה אזורית מטה בנימין
824,כוכב מיכאל,61,אשקלון,36.0,מועצה אזורית חוף אשקלון
1252,כורזים,21,צפת,55.0,מועצה אזורית מבואות החרמון
1210,כחל,21,צפת,55.0,מועצה אזורית מבואות החרמון
1367,כחלה,62,באר שבע,69.0,מועצה אזורית אל קסום
840,כיסופים,62,באר שבע,38.0,מועצה אזורית אשכול
1153,כישור,24,עכו,56.0,מועצה אזורית משגב
1183,כליל,24,עכו,4.0,מועצה אזורית מטה אשר
1229,כלנית,21,צפת,2.0,מועצה אזורית מרום הגליל
1331,כמאנה,24,עכו,56.0,מועצה אזורית משגב
1291,כמהין,62,באר שבע,48.0,מועצה אזורית רמת נגב
1201,כמון,24,עכו,56.0,מועצה אזורית משגב
2006,כנות,61,אשקלון,33.0,מועצה אזורית באר טוביה
4028,כנף,29,גולן,71.0,מועצה אזורית גולן
63,כנרת (מושבה),22,כנרת,6.0,מועצה אזורית עמק הירדן
57,כנרת (קבוצה),22,כנרת,6.0,מועצה אזורית עמק הירדן
1059,כסיפה,62,באר שבע,99.0,מועצה מקומית
859,כסלון,11,ירושלים,26.0,מועצה אזורית מטה יהודה
1296,כסרא-סמיע,24,עכו,99.0,מועצה מקומית
978,כעביה-טבאש-חג'אג'רה,25,יזרעאל,99.0,מועצה מקומית
857,כפר אביב,44,רחובות,32.0,מועצה אזורית גדרות
3638,כפר אדומים,74,ראמאללה,73.0,מועצה אזורית מטה בנימין
364,כפר אוריה,11,ירושלים,26.0,מועצה אזורית מטה יהודה
690,כפר אחים,61,אשקלון,33.0,מועצה אזורית באר טוביה
220,כפר ביאליק,31,חיפה,12.0,מועצה אזורית זבולון
177,"כפר ביל""ו",44,רחובות,30.0,מועצה אזורית גזר
357,כפר בלום,21,צפת,1.0,מועצה אזורית הגליל העליון
2010,כפר בן נון,43,רמלה,30.0,מועצה אזורית גזר
633,כפר ברא,42,פתח תקווה,99.0,מועצה מקומית
132,כפר ברוך,23,יזרעאל,9.0,מועצה אזורית עמק יזרעאל
106,כפר גדעון,23,יזרעאל,9.0,מועצה אזורית עמק יזרעאל
427,כפר גלים,32,חדרה,15.0,מועצה אזורית חוף הכרמל
310,כפר גליקסון,32,חדרה,14.0,מועצה אזורית מנשה
76,כפר גלעדי,21,צפת,1.0,מועצה אזורית הגליל העליון
707,כפר דניאל,43,רמלה,25.0,מועצה אזורית חבל מודיעין
3796,כפר האורנים,74,ראמאללה,73.0,מועצה אזורית מטה בנימין
192,כפר החורש,23,יזרעאל,9.0,מועצה אזורית עמק יזרעאל
254,כפר המכבי,31,חיפה,12.0,מועצה אזורית זבולון
582,כפר הנגיד,44,רחובות,27.0,מועצה אזורית גן רווה
890,כפר הנוער הדתי,31,חיפה,12.0,מועצה אזורית זבולון
443,כפר הנשיא,21,צפת,1.0,מועצה אזורית הגליל העליון
187,כפר הס,41,השרון,18.0,מועצה אזורית לב השרון
217,"כפר הרא""ה",41,השרון,16.0,מועצה אזורית עמק חפר
888,"כפר הרי""ף",61,אשקלון,35.0,מועצה אזורית יואב
190,כפר ויתקין,41,השרון,16.0,מועצה אזורית עמק חפר
320,כפר ורבורג,61,אשקלון,33.0,מועצה אזורית באר טוביה
1263,כפר ורדים,24,עכו,99.0,מועצה מקומית
1325,כפר זוהרים,11,ירושלים,26.0,מועצה אזורית מטה יהודה
786,כפר זיתים,22,כנרת,3.0,מועצה אזורית הגליל התחתון
696,"כפר חב""ד",43,רמלה,40.0,מועצה אזורית שדות דן
609,כפר חושן,21,צפת,2.0,מועצה אזורית מרום הגליל
255,כפר חיטים,22,כנרת,3.0,מועצה אזורית הגליל התחתון
193,כפר חיים,41,השרון,16.0,מועצה אזורית עמק חפר
1297,כפר חנניה,21,צפת,2.0,מועצה אזורית מרום הגליל
112,כפר חסידים א',31,חיפה,12.0,מועצה אזורית זבולון
889,כפר חסידים ב',31,חיפה,12.0,מועצה אזורית זבולון
4004,כפר חרוב,29,גולן,71.0,מועצה אזורית גולן
673,כפר טרומן,43,רמלה,25.0,מועצה אזורית חבל מודיעין
507,כפר יאסיף,24,עכו,99.0,מועצה מקומית
233,כפר ידידיה,41,השרון,16.0,מועצה אזורית עמק חפר
140,כפר יהושע,23,יזרעאל,9.0,מועצה אזורית עמק יזרעאל
168,כפר יונה,41,השרון,0.0,עירייה
85,כפר יחזקאל,23,יזרעאל,8.0,מועצה אזורית הגלבוע
170,כפר יעבץ,41,השרון,18.0,מועצה אזורית לב השרון
508,כפר כמא,22,כנרת,99.0,מועצה מקומית
509,כפר כנא,25,יזרעאל,99.0,מועצה מקומית
387,כפר מונש,41,השרון,16.0,מועצה אזורית עמק חפר
1095,כפר מימון,62,באר שבע,39.0,מועצה אזורית שדות נגב
98,"כפר מל""ל",42,פתח תקווה,20.0,מועצה אזורית דרום השרון
510,כפר מנדא,24,עכו,99.0,מועצה מקומית
274,כפר מנחם,61,אשקלון,35.0,מועצה אזורית יואב
297,כפר מסריק,24,עכו,4.0,מועצה אזורית מטה אשר
512,כפר מצר,25,יזרעאל,66.0,מועצה אזורית בוסתן אל-מרג'
764,כפר מרדכי,44,רחובות,32.0,מועצה אזורית גדרות
316,כפר נטר,41,השרון,19.0,מועצה אזורית חוף השרון
345,כפר סאלד,21,צפת,1.0,מועצה אזורית הגליל העליון
6900,כפר סבא,42,פתח תקווה,0.0,עירייה
107,כפר סילבר,61,אשקלון,36.0,מועצה אזורית חוף אשקלון
249,כפר סירקין,42,פתח תקווה,20.0,מועצה אזורית דרום השרון
875,כפר עבודה,41,השרון,18.0,מועצה אזורית לב השרון
845,כפר עזה,61,אשקלון,37.0,מועצה אזורית שער הנגב
3488,כפר עציון,76,בית לחם,76.0,מועצה אזורית גוש עציון
189,כפר פינס,32,חדרה,14.0,מועצה אזורית מנשה
634,כפר קאסם,42,פתח תקווה,0.0,עירייה
388,כפר קיש,22,כנרת,3.0,מועצה אזורית הגליל התחתון
654,כפר קרע,32,חדרה,99.0,מועצה מקומית
579,כפר ראש הנקרה,24,עכו,4.0,מועצה אזורית מטה אשר
1130,כפר רוזנואלד (זרעית),24,עכו,52.0,מועצה אזורית מעלה יוסף
295,כפר רופין,23,יזרעאל,7.0,מועצה אזורית עמק המעיינות
1166,כפר רות,43,רמלה,25.0,מועצה אזורית חבל מודיעין
605,כפר שמאי,21,צפת,2.0,מועצה אזורית מרום הגליל
743,כפר שמואל,43,רמלה,30.0,מועצה אזורית גזר
267,כפר שמריהו,51,תל אביב,99.0,מועצה מקומית
47,כפר תבור,22,כנרת,99.0,מועצה מקומית
3572,כפר תפוח,73,טול כרם,72.0,מועצה אזורית שומרון
1285,כרכום,21,צפת,55.0,מועצה אזורית מבואות החרמון
664,כרם בן זמרה,21,צפת,2.0,מועצה אזורית מרום הגליל
88,כרם בן שמן,43,רמלה,25.0,מועצה אזורית חבל מודיעין
1094,כרם יבנה (ישיבה),44,רחובות,29.0,מועצה אזורית חבל יבנה
580,"כרם מהר""ל",32,חדרה,15.0,מועצה אזורית חוף הכרמל
1085,כרם שלום,62,באר שבע,38.0,מועצה אזורית אשכול
1264,כרמי יוסף,43,רמלה,30.0,מועצה אזורית גזר
3766,כרמי צור,77,חברון,76.0,מועצה אזורית גוש עציון
1374,כרמי קטיף,61,אשקלון,50.0,מועצה אזורית לכיש
1139,כרמיאל,24,עכו,0.0,עירייה
768,כרמייה,61,אשקלון,36.0,מועצה אזורית חוף אשקלון
1198,כרמים,62,באר שבע,41.0,מועצה אזורית בני שמעון
3656,כרמל,77,חברון,78.0,מועצה אזורית הר חברון
1207,לבון,24,עכו,56.0,מועצה אזורית משגב
585,לביא,22,כנרת,3.0,מועצה אזורית הגליל התחתון
1230,לבנים,21,צפת,2.0,מועצה אזורית מרום הגליל
2023,להב,62,באר שבע,41.0,מועצה אזורית בני שמעון
380,להבות הבשן,21,צפת,1.0,מועצה אזורית הגליל העליון
715,להבות חביבה,32,חדרה,14.0,מועצה אזורית מנשה
1271,להבים,62,באר שבע,99.0,מועצה מקומית
7000,לוד,43,רמלה,0.0,עירייה
52,לוזית,11,ירושלים,26.0,מועצה אזורית מטה יהודה
595,לוחמי הגיטאות,24,עכו,4.0,מועצה אזורית מטה אשר
1171,לוטם,24,עכו,56.0,מועצה אזורית משגב
1255,לוטן,62,באר שבע,53.0,מועצה אזורית חבל אילות
674,לימן,24,עכו,4.0,מועצה אזורית מטה אשר
24,לכיש,61,אשקלון,50.0,מועצה אזורית לכיש
1310,לפיד,43,רמלה,25.0,מועצה אזורית חבל מודיעין
1173,לפידות,24,עכו,52.0,מועצה אזורית מעלה יוסף
1060,לקיה,62,באר שבע,99.0,מועצה מקומית
2055,מאור,32,חדרה,14.0,מועצה אזורית מנשה
102,מאיר שפיה,32,חדרה,15.0,מועצה אזורית חוף הכרמל
771,מבוא ביתר,11,ירושלים,26.0,מועצה אזורית מטה יהודה
3569,מבוא דותן,71,ג'נין,72.0,מועצה אזורית שומרון
3709,מבוא חורון,74,ראמאללה,73.0,מועצה אזורית מטה בנימין
4204,מבוא חמה,29,גולן,71.0,מועצה אזורית גולן
1141,מבוא מודיעים,43,רמלה,25.0,מועצה אזורית חבל מודיעין
1318,מבואות ים,41,השרון,16.0,מועצה אזורית עמק חפר
3825,מבואות יריחו,75,ירדן-יריחו,75.0,מועצה אזורית ערבות הירדן
1080,מבועים,62,באר שבע,42.0,מועצה אזורית מרחבים
829,מבטחים,62,באר שבע,38.0,מועצה אזורית אשכול
573,מבקיעים,61,אשקלון,36.0,מועצה אזורית חוף אשקלון
1015,מבשרת ציון,11,ירושלים,99.0,מועצה מקומית
516,מג'ד אל-כרום,24,עכו,99.0,מועצה מקומית
4201,מג'דל שמס,29,גולן,99.0,מועצה מקומית
481,מגאר,22,כנרת,0.0,עירייה
689,מגדים,32,חדרה,15.0,מועצה אזורית חוף הכרמל
65,מגדל,22,כנרת,99.0,מועצה מקומית
874,מגדל העמק,23,יזרעאל,0.0,עירייה
3561,מגדל עוז,76,בית לחם,76.0,מועצה אזורית גוש עציון
1722,מגדל תפן,24,עכו,99.0,מועצה מקומית
3751,מגדלים,72,שכם,72.0,מועצה אזורית שומרון
586,מגידו,23,יזרעאל,13.0,מועצה אזורית מגידו
375,מגל,32,חדרה,14.0,מועצה אזורית מנשה
695,מגן,62,באר שבע,38.0,מועצה אזורית אשכול
1155,מגן שאול,23,יזרעאל,8.0,מועצה אזורית הגלבוע
722,מגשימים,42,פתח תקווה,20.0,מועצה אזורית דרום השרון
2029,מדרך עוז,23,יזרעאל,13.0,מועצה אזורית מגידו
1140,מדרשת בן גוריון,62,באר שבע,48.0,מועצה אזורית רמת נגב
897,מדרשת רופין,41,השרון,16.0,מועצה אזורית עמק חפר
1200,מודיעין-מכבים-רעות*,43,רמלה,0.0,עירייה
3797,מודיעין עילית,74,ראמאללה,0.0,עירייה
269,מולדת,23,יזרעאל,8.0,מועצה אזורית הגלבוע
208,מוצא עילית,11,ירושלים,26.0,מועצה אזורית מטה יהודה
635,מוקייבלה,23,יזרעאל,8.0,מועצה אזורית הגלבוע
1163,מורן,24,עכו,56.0,מועצה אזורית משגב
1178,מורשת,24,עכו,56.0,מועצה אזורית משגב
606,מזור,42,פתח תקווה,25.0,מועצה אזורית חבל מודיעין
28,מזכרת בתיה,44,רחובות,99.0,מועצה מקומית
1879,"מזרח השרון מ""א 16",41,השרון,16.0,מועצה אזורית עמק חפר
1880,"מזרח השרון מ""א 18",41,השרון,18.0,מועצה אזורית לב השרון
104,מזרע,23,יזרעאל,9.0,מועצה אזורית עמק יזרעאל
517,מזרעה,24,עכו,99.0,מועצה מקומית
3599,מחולה,75,ירדן-יריחו,75.0,מועצה אזורית ערבות הירדן
1411,מחנה הילה*,44,רחובות,27.0,מועצה אזורית גן רווה
1418,מחנה טלי*,62,באר שבע,48.0,מועצה אזורית רמת נגב
1413,מחנה יהודית*,23,יזרעאל,9.0,מועצה אזורית עמק יזרעאל
1416,מחנה יוכבד*,62,באר שבע,53.0,מועצה אזורית חבל אילות
1415,מחנה יפה*,62,באר שבע,42.0,מועצה אזורית מרחבים
1196,מחנה יתיר,62,באר שבע,,חסר מעמד מוניציפלי
1414,מחנה מרים*,61,אשקלון,33.0,מועצה אזורית באר טוביה
1412,מחנה תל נוף*,44,רחובות,28.0,מועצה אזורית ברנר
308,מחניים,21,צפת,1.0,מועצה אזורית הגליל העליון
776,מחסיה,11,ירושלים,26.0,מועצה אזורית מטה יהודה
43,מטולה,21,צפת,99.0,מועצה מקומית
822,מטע,11,ירושלים,26.0,מועצה אזורית מטה יהודה
1128,מי עמי,32,חדרה,14.0,מועצה אזורית מנשה
2054,מיטב,23,יזרעאל,8.0,מועצה אזורית הגלבוע
649,מייסר,32,חדרה,14.0,מועצה אזורית מנשה
4019,מיצר,29,גולן,71.0,מועצה אזורית גולן
1282,מירב,23,יזרעאל,7.0,מועצה אזורית עמק המעיינות
607,מירון,21,צפת,2.0,מועצה אזורית מרום הגליל
731,מישר,44,רחובות,32.0,מועצה אזורית גדרות
1268,מיתר,62,באר שבע,99.0,מועצה מקומית
3614,מכורה,75,ירדן-יריחו,75.0,מועצה אזורית ערבות הירדן
1343,מכחול,62,באר שבע,69.0,מועצה אזורית אל קסום
382,מכמורת,41,השרון,16.0,מועצה אזורית עמק חפר
1202,מכמנים,24,עכו,56.0,מועצה אזורית משגב
164,מלאה,23,יזרעאל,8.0,מועצה אזורית הגלבוע
2044,מלילות,62,באר שבע,39.0,מועצה אזורית שדות נגב
596,מלכייה,21,צפת,1.0,מועצה אזורית הגליל העליון
1154,מלכישוע,23,יזרעאל,7.0,מועצה אזורית עמק המעיינות
2030,מנוחה,61,אשקלון,50.0,מועצה אזורית לכיש
1174,מנוף,24,עכו,56.0,מועצה אזורית משגב
1205,מנות,24,עכו,52.0,מועצה אזורית מעלה יוסף
48,מנחמיה,23,יזרעאל,7.0,מועצה אזורית עמק המעיינות
347,מנרה,21,צפת,1.0,מועצה אזורית הגליל העליון
994,מנשית זבדה,25,יזרעאל,9.0,מועצה אזורית עמק יזרעאל
1258,מסד,22,כנרת,3.0,מועצה אזורית הגליל התחתון
263,מסדה,22,כנרת,6.0,מועצה אזורית עמק הירדן
298,מסילות,23,יזרעאל,7.0,מועצה אזורית עמק המעיינות
742,מסילת ציון,11,ירושלים,26.0,מועצה אזורית מטה יהודה
748,מסלול,62,באר שבע,42.0,מועצה אזורית מרחבים
4203,מסעדה,29,גולן,99.0,מועצה מקומית
939,מסעודין אל-עזאזמה (שבט),62,באר שבע,,חסר מעמד מוניציפלי
197,מעברות,41,השרון,16.0,מועצה אזורית עמק חפר
1082,מעגלים,62,באר שבע,39.0,מועצה אזורית שדות נגב
678,מעגן,22,כנרת,6.0,מועצה אזורית עמק הירדן
694,מעגן מיכאל,32,חדרה,15.0,מועצה אזורית חוף הכרמל
272,מעוז חיים,23,יזרעאל,7.0,מועצה אזורית עמק המעיינות
3657,מעון,77,חברון,78.0,מועצה אזורית הר חברון
570,מעונה,24,עכו,52.0,מועצה אזורית מעלה יוסף
416,מעיין ברוך,21,צפת,1.0,מועצה אזורית הגליל העליון
290,מעיין צבי,32,חדרה,15.0,מועצה אזורית חוף הכרמל
518,מעיליא,24,עכו,99.0,מועצה מקומית
3616,מעלה אדומים,76,בית לחם,0.0,עירייה
3608,מעלה אפרים,75,ירדן-יריחו,99.0,מועצה מקומית
1127,מעלה גלבוע,23,יזרעאל,7.0,מועצה אזורית עמק המעיינות
4008,מעלה גמלא,29,גולן,71.0,מועצה אזורית גולן
286,מעלה החמישה,11,ירושלים,26.0,מועצה אזורית מטה יהודה
3752,מעלה לבונה,74,ראמאללה,73.0,מועצה אזורית מטה בנימין
3651,מעלה מכמש,74,ראמאללה,73.0,מועצה אזורית מטה בנימין
1327,מעלה עירון,32,חדרה,99.0,מועצה מקומית
3653,מעלה עמוס,76,בית לחם,76.0,מועצה אזורית גוש עציון
1063,מעלות-תרשיחא,24,עכו,0.0,עירייה
344,מענית,32,חדרה,14.0,מועצה אזורית מנשה
1876,"מערב השרון מ""א 16",41,השרון,16.0,מועצה אזורית עמק חפר
1877,"מערב השרון מ""א 18",41,השרון,18.0,מועצה אזורית לב השרון
1878,"מערב השרון מ""א 19",41,השרון,19.0,מועצה אזורית חוף השרון
230,מעש,42,פתח תקווה,20.0,מועצה אזורית דרום השרון
668,מפלסים,61,אשקלון,37.0,מועצה אזורית שער הנגב
1767,"מפעלי אבשלו""ם",62,באר שבע,41.0,מועצה אזורית בני שמעון
1791,מפעלי ברקן,73,טול כרם,72.0,מועצה אזורית שומרון
1706,מפעלי גליל עליון,21,צפת,1.0,מועצה אזורית הגליל העליון
1739,מפעלי גרנות,32,חדרה,14.0,מועצה אזורית מנשה
1717,מפעלי העמק (יזרעאל),23,יזרעאל,9.0,מועצה אזורית עמק יזרעאל
1729,מפעלי חבל מודיעים,43,רמלה,25.0,מועצה אזורית חבל מודיעין
1775,מפעלי ים המלח(סדום),62,באר שבע,51.0,מועצה אזורית תמר
1753,מפעלי כנות,61,אשקלון,33.0,מועצה אזורית באר טוביה
1773,מפעלי מישור רותם,62,באר שבע,51.0,מועצה אזורית תמר
1769,מפעלי מעון,62,באר שבע,38.0,מועצה אזורית אשכול
1701,מפעלי נחם הרטוב,11,ירושלים,26.0,מועצה אזורית מטה יהודה
1761,מפעלי צומת מלאכי,61,אשקלון,33.0,מועצה אזורית באר טוביה
1776,מפעלי צין - ערבה,62,באר שבע,54.0,מועצה אזורית הערבה התיכונה
1711,מפעלי צמח,22,כנרת,6.0,מועצה אזורית עמק הירדן
1719,מפעלי שאן,23,יזרעאל,7.0,מועצה אזורית עמק המעיינות
3745,מצדות יהודה,77,חברון,78.0,מועצה אזורית הר חברון
325,מצובה,24,עכו,4.0,מועצה אזורית מטה אשר
757,מצליח,43,רמלה,30.0,מועצה אזורית גזר
58,מצפה,22,כנרת,3.0,מועצה אזורית הגליל התחתון
1222,"מצפה אבי""ב",24,עכו,56.0,מועצה אזורית משגב
1370,מצפה אילן,32,חדרה,14.0,מועצה אזורית מנשה
3576,מצפה יריחו,75,ירדן-יריחו,73.0,מועצה אזורית מטה בנימין
1190,מצפה נטופה,23,יזרעאל,3.0,מועצה אזורית הגליל התחתון
99,מצפה רמון,62,באר שבע,99.0,מועצה מקומית
3610,מצפה שלם,75,ירדן-יריחו,74.0,מועצה אזורית מגילות ים המלח
648,מצר,32,חדרה,14.0,מועצה אזורית מנשה
22,מקווה ישראל,53,תל אביב,,חסר מעמד מוניציפלי
843,מרגליות,21,צפת,55.0,מועצה אזורית מבואות החרמון
4101,מרום גולן,29,גולן,71.0,מועצה אזורית גולן
1340,מרחב עם,62,באר שבע,48.0,מועצה אזורית רמת נגב
97,מרחביה (מושב),23,יזרעאל,9.0,מועצה אזורית עמק יזרעאל
66,מרחביה (קיבוץ),23,יזרעאל,9.0,מועצה אזורית עמק יזרעאל
1713,מרכז אזורי כדורי,22,כנרת,3.0,מועצה אזורית הגליל התחתון
1708,מרכז אזורי מרום הגליל,21,צפת,2.0,מועצה אזורית מרום הגליל
1723,מרכז אזורי משגב,24,עכו,56.0,מועצה אזורית משגב
1747,מרכז אזורי שוהם,43,רמלה,25.0,מועצה אזורית חבל מודיעין
1705,"מרכז כ""ח",21,צפת,55.0,מועצה אזורית מבואות החרמון
1715,"מרכז מיר""ב*",32,חדרה,15.0,מועצה אזורית חוף הכרמל
1098,מרכז שפירא,61,אשקלון,34.0,מועצה אזורית שפיר
421,משאבי שדה,62,באר שבע,48.0,מועצה אזורית רמת נגב
765,משגב דב,44,רחובות,32.0,מועצה אזורית גדרות
378,משגב עם,21,צפת,1.0,מועצה אזורית הגליל העליון
520,משהד,25,יזרעאל,99.0,מועצה מקומית
3605,משואה,75,ירדן-יריחו,75.0,מועצה אזורית ערבות הירדן
620,משואות יצחק,61,אשקלון,34.0,מועצה אזורית שפיר
3785,משכיות,75,ירדן-יריחו,75.0,מועצה אזורית ערבות הירדן
670,משמר איילון,43,רמלה,30.0,מועצה אזורית גזר
563,משמר דוד,43,רמלה,30.0,מועצה אזורית גזר
732,משמר הירדן,21,צפת,55.0,מועצה אזורית מבואות החרמון
395,משמר הנגב,62,באר שבע,41.0,מועצה אזורית בני שמעון
130,משמר העמק,23,יזרעאל,13.0,מועצה אזורית מגידו
729,משמר השבעה,43,רמלה,40.0,מועצה אזורית שדות דן
194,משמר השרון,41,השרון,16.0,מועצה אזורית עמק חפר
213,משמרות,32,חדרה,14.0,מועצה אזורית מנשה
425,משמרת,41,השרון,18.0,מועצה אזורית לב השרון
791,משען,61,אשקלון,36.0,מועצה אזורית חוף אשקלון
1315,מתן,42,פתח תקווה,20.0,מועצה אזורית דרום השרון
1184,מתת,24,עכו,52.0,מועצה אזורית מעלה יוסף
3648,מתתיהו,74,ראמאללה,73.0,מועצה אזורית מטה בנימין
4551,נאות גולן,29,גולן,71.0,מועצה אזורית גולן
1124,נאות הכיכר,62,באר שבע,51.0,מועצה אזורית תמר
1770,נאות חובב,62,באר שבע,99.0,מועצה מקומית
408,נאות מרדכי,21,צפת,1.0,מועצה אזורית הגליל העליון
1197,נאות סמדר,62,באר שבע,53.0,מועצה אזורית חבל אילות
524,נאעורה,23,יזרעאל,8.0,מועצה אזורית הגלבוע
396,נבטים,62,באר שבע,41.0,מועצה אזורית בני שמעון
315,נגבה,61,אשקלון,35.0,מועצה אזורית יואב
3724,נגוהות,77,חברון,78.0,מועצה אזורית הר חברון
309,נהורה,61,אשקלון,50.0,מועצה אזורית לכיש
80,נהלל,23,יזרעאל,9.0,מועצה אזורית עמק יזרעאל
9100,נהרייה,24,עכו,0.0,עירייה
4304,נוב,29,גולן,71.0,מועצה אזורית גולן
55,נוגה,61,אשקלון,50.0,מועצה אזורית לכיש
1366,נווה,62,באר שבע,38.0,מועצה אזורית אשכול
926,נווה אבות,32,חדרה,,חסר מעמד מוניציפלי
590,נווה אור,23,יזרעאל,7.0,מועצה אזורית עמק המעיינות
4303,"נווה אטי""ב",29,גולן,71.0,מועצה אזורית גולן
405,נווה אילן,11,ירושלים,26.0,מועצה אזורית מטה יהודה
1702,נווה אילן*,11,ירושלים,26.0,מועצה אזורית מטה יהודה
296,נווה איתן,23,יזרעאל,7.0,מועצה אזורית עמק המעיינות
3725,נווה דניאל,76,בית לחם,76.0,מועצה אזורית גוש עציון
1057,נווה זוהר,62,באר שבע,51.0,מועצה אזורית תמר
1314,נווה זיו,24,עכו,52.0,מועצה אזורית מעלה יוסף
1279,נווה חריף,62,באר שבע,53.0,מועצה אזורית חבל אילות
312,נווה ים,32,חדרה,15.0,מועצה אזורית חוף הכרמל
686,נווה ימין,42,פתח תקווה,20.0,מועצה אזורית דרום השרון
858,נווה ירק,42,פתח תקווה,20.0,מועצה אזורית דרום השרון
827,נווה מבטח,61,אשקלון,33.0,מועצה אזורית באר טוביה
1071,נווה מיכאל,11,ירושלים,26.0,מועצה אזורית מטה יהודה
3573,נווה צוף,74,ראמאללה,73.0,מועצה אזורית מטה בנימין
1259,נווה שלום,11,ירושלים,26.0,מועצה אזורית מטה יהודה
15,נועם,61,אשקלון,34.0,מועצה אזורית שפיר
1333,נוף איילון,43,רמלה,30.0,מועצה אזורית גזר
1061,נוף הגליל,25,יזרעאל,0.0,עירייה
3790,נופים,73,טול כרם,72.0,מועצה אזורית שומרון
1284,נופית,31,חיפה,12.0,מועצה אזורית זבולון
257,נופך,42,פתח תקווה,25.0,מועצה אזורית חבל מודיעין
3726,נוקדים,76,בית לחם,76.0,מועצה אזורית גוש עציון
447,נורדייה,41,השרון,18.0,מועצה אזורית לב השרון
833,נורית,23,יזרעאל,8.0,מועצה אזורית הגלבוע
59,נחושה,11,ירושלים,26.0,מועצה אזורית מטה יהודה
1883,"נחל יפתחאל מ""א 3",23,יזרעאל,3.0,מועצה אזורית הגליל התחתון
844,נחל עוז,61,אשקלון,37.0,מועצה אזורית שער הנגב
1861,"נחל תבור מ""א 8",23,יזרעאל,8.0,מועצה אזורית הגלבוע
2045,נחלה,61,אשקלון,35.0,מועצה אזורית יואב
3767,נחליאל,74,ראמאללה,73.0,מועצה אזורית מטה בנימין
449,נחלים,42,פתח תקווה,25.0,מועצה אזורית חבל מודיעין
809,נחם,11,ירושלים,26.0,מועצה אזורית מטה יהודה
522,נחף,24,עכו,99.0,מועצה מקומית
433,נחשולים,32,חדרה,15.0,מועצה אזורית חוף הכרמל
777,נחשון,11,ירושלים,26.0,מועצה אזורית מטה יהודה
705,נחשונים,42,פתח תקווה,20.0,מועצה אזורית דרום השרון
1147,נטועה,24,עכו,52.0,מועצה אזורית מעלה יוסף
4014,נטור,29,גולן,71.0,מועצה אזורית גולן
1369,נטע,61,אשקלון,50.0,מועצה אזורית לכיש
174,נטעים,44,רחובות,27.0,מועצה אזורית גן רווה
1254,נטף,11,ירושלים,26.0,מועצה אזורית מטה יהודה
523,ניין,23,יזרעאל,66.0,מועצה אזורית בוסתן אל-מרג'
3655,"ניל""י",74,ראמאללה,73.0,מועצה אזורית מטה בנימין
351,ניצן,61,אשקלון,36.0,מועצה אזורית חוף אשקלון
1419,ניצן ב',61,אשקלון,36.0,מועצה אזורית חוף אשקלון
1195,ניצנה (קהילת חינוך),62,באר שבע,48.0,מועצה אזורית רמת נגב
1280,ניצני סיני,62,באר שבע,48.0,מועצה אזורית רמת נגב
851,ניצני עוז,41,השרון,18.0,מועצה אזורית לב השרון
359,ניצנים,61,אשקלון,36.0,מועצה אזורית חוף אשקלון
808,ניר אליהו,42,פתח תקווה,20.0,מועצה אזורית דרום השרון
553,ניר בנים,61,אשקלון,33.0,מועצה אזורית באר טוביה
720,ניר גלים,44,רחובות,29.0,מועצה אזורית חבל יבנה
256,ניר דוד (תל עמל),23,יזרעאל,7.0,מועצה אזורית עמק המעיינות
11,"ניר ח""ן",61,אשקלון,50.0,מועצה אזורית לכיש
165,ניר יפה,23,יזרעאל,8.0,מועצה אזורית הגלבוע
402,ניר יצחק,62,באר שבע,38.0,מועצה אזורית אשכול
699,ניר ישראל,61,אשקלון,36.0,מועצה אזורית חוף אשקלון
2047,ניר משה,62,באר שבע,42.0,מועצה אזורית מרחבים
69,ניר עוז,62,באר שבע,38.0,מועצה אזורית אשכול
348,ניר עם,61,אשקלון,37.0,מועצה אזורית שער הנגב
769,ניר עציון,32,חדרה,15.0,מועצה אזורית חוף הכרמל
2048,ניר עקיבא,62,באר שבע,42.0,מועצה אזורית מרחבים
331,ניר צבי,43,רמלה,40.0,מועצה אזורית שדות דן
602,נירים,62,באר שבע,38.0,מועצה אזורית אשכול
1236,נירית,42,פתח תקווה,20.0,מועצה אזורית דרום השרון
1748,נמל תעופה בן-גוריון,43,רמלה,,חסר מעמד מוניציפלי
4035,נמרוד,29,גולן,71.0,מועצה אזורית גולן
825,נס הרים,11,ירושלים,26.0,מועצה אזורית מטה יהודה
1143,נס עמים,24,עכו,4.0,מועצה אזורית מטה אשר
7200,נס ציונה,44,רחובות,0.0,עירייה
186,נעורים,41,השרון,16.0,מועצה אזורית עמק חפר
3787,נעלה,74,ראמאללה,73.0,מועצה אזורית מטה בנימין
3713,"נעמ""ה",75,ירדן-יריחו,75.0,מועצה אזורית ערבות הירדן
158,נען,43,רמלה,30.0,מועצה אזורית גזר
3620,נערן,75,ירדן-יריחו,75.0,מועצה אזורית ערבות הירדן
1982,נפת בית לחם,76,בית לחם,,חסר מעמד מוניציפלי
1981,"נפת בית לחם מ""א 76",76,בית לחם,76.0,מועצה אזורית גוש עציון
1971,נפת ג'נין,71,ג'נין,,חסר מעמד מוניציפלי
1970,"נפת ג'נין מ""א 72",71,ג'נין,72.0,מועצה אזורית שומרון
1984,נפת חברון,77,חברון,,חסר מעמד מוניציפלי
1983,"נפת חברון מ""א 78",77,חברון,78.0,מועצה אזורית הר חברון
1975,נפת טול כרם,73,טול כרם,,חסר מעמד מוניציפלי
1980,נפת ירדן,75,ירדן-יריחו,,חסר מעמד מוניציפלי
1978,"נפת ירדן מ""א 74",75,ירדן-יריחו,74.0,מועצה אזורית מגילות ים המלח
1979,"נפת ירדן מ""א 75",75,ירדן-יריחו,75.0,מועצה אזורית ערבות הירדן
1977,נפת ראמאללה,74,ראמאללה,,חסר מעמד מוניציפלי
1974,"נפת ראמאללה מ""א 73",73,טול כרם,72.0,מועצה אזורית שומרון
1976,"נפת ראמאללה מ""א 73",74,ראמאללה,73.0,מועצה אזורית מטה בנימין
1973,נפת שכם,72,שכם,,חסר מעמד מוניציפלי
1972,"נפת שכם מ""א 72",72,שכם,72.0,מועצה אזורית שומרון
1041,נצאצרה (שבט),62,באר שבע,,חסר מעמד מוניציפלי
1372,נצר חזני,44,רחובות,31.0,מועצה אזורית נחל שורק
435,נצר סרני,43,רמלה,30.0,מועצה אזורית גזר
7300,נצרת,25,יזרעאל,0.0,עירייה
2500,נשר,31,חיפה,0.0,עירייה
3555,נתיב הגדוד,75,ירדן-יריחו,75.0,מועצה אזורית ערבות הירדן
693,"נתיב הל""ה",11,ירושלים,26.0,מועצה אזורית מטה יהודה
1242,נתיב העשרה,61,אשקלון,36.0,מועצה אזורית חוף אשקלון
792,נתיב השיירה,24,עכו,4.0,מועצה אזורית מטה אשר
246,נתיבות,62,באר שבע,0.0,עירייה
7400,נתניה,41,השרון,0.0,עירייה
525,סאג'ור,24,עכו,99.0,מועצה מקומית
578,סאסא,24,עכו,1.0,מועצה אזורית הגליל העליון
587,סביון*,42,פתח תקווה,99.0,מועצה מקומית
2046,סגולה,61,אשקלון,35.0,מועצה אזורית יואב
942,סואעד (חמרייה)*,25,יזרעאל,9.0,מועצה אזורית עמק יזרעאל
989,סואעד (כמאנה) (שבט),24,עכו,,חסר מעמד מוניציפלי
526,סולם,23,יזרעאל,66.0,מועצה אזורית בוסתן אל-מרג'
3756,סוסיה,77,חברון,78.0,מועצה אזורית הר חברון
1238,סופה,62,באר שבע,38.0,מועצה אזורית אשכול
7500,סח'נין,24,עכו,0.0,עירייה
1170,סייד (שבט),62,באר שבע,,חסר מעמד מוניציפלי
1245,סלמה,24,עכו,56.0,מועצה אזורית משגב
3567,סלעית,73,טול כרם,72.0,מועצה אזורית שומרון
1156,סמר,62,באר שבע,53.0,מועצה אזורית חבל אילות
3777,סנסנה,77,חברון,78.0,מועצה אזורית הר חברון
419,סעד,62,באר שבע,39.0,מועצה אזורית שדות נגב
1360,סעוה,62,באר שבע,69.0,מועצה אזורית אל קסום
454,סער,24,עכו,4.0,מועצה אזורית מטה אשר
1176,ספיר,62,באר שבע,54.0,מועצה אזורית הערבה התיכונה
610,סתרייה,43,רמלה,30.0,מועצה אזורית גזר
4501,ע'ג'ר,29,גולן,99.0,מועצה מקומית
892,עבדון,24,עכו,52.0,מועצה אזורית מעלה יוסף
376,עברון,24,עכו,4.0,מועצה אזורית מטה אשר
794,עגור,11,ירושלים,26.0,מועצה אזורית מטה יהודה
1762,עד הלום,61,אשקלון,33.0,מועצה אזורית באר טוביה
1199,עדי,23,יזרעאל,9.0,מועצה אזורית עמק יזרעאל
2035,עדנים,42,פתח תקווה,20.0,מועצה אזורית דרום השרון
826,עוזה,61,אשקלון,34.0,מועצה אזורית שפיר
528,עוזייר,25,יזרעאל,65.0,מועצה אזורית אל-בטוף
737,עולש,41,השרון,16.0,מועצה אזורית עמק חפר
666,עומר,62,באר שבע,99.0,מועצה מקומית
810,עופר,32,חדרה,15.0,מועצה אזורית חוף הכרמל
32,עוצם,61,אשקלון,50.0,מועצה אזורית לכיש
957,עוקבי (בנו עוקבה) (שבט),62,באר שבע,,חסר מעמד מוניציפלי
328,עזוז,62,באר שבע,48.0,מועצה אזורית רמת נגב
1149,עזר,61,אשקלון,33.0,מועצה אזורית באר טוביה
837,עזריאל,41,השרון,18.0,מועצה אזורית לב השרון
711,עזריה,43,רמלה,30.0,מועצה אזורית גזר
817,עזריקם,61,אשקלון,33.0,מועצה אזורית באר טוביה
969,עטאוונה (שבט),62,באר שבע,,חסר מעמד מוניציפלי
3658,עטרת,74,ראמאללה,73.0,מועצה אזורית מטה בנימין
1175,עידן,62,באר שבע,54.0,מועצה אזורית הערבה התיכונה
1765,עידן הנגב,62,באר שבע,41.0,מועצה אזורית בני שמעון
530,עיילבון,22,כנרת,99.0,מועצה מקומית
156,עיינות,44,רחובות,27.0,מועצה אזורית גן רווה
511,עילוט,25,יזרעאל,99.0,מועצה מקומית
687,עין איילה,32,חדרה,15.0,מועצה אזורית חוף הכרמל
546,עין אל-אסד,21,צפת,2.0,מועצה אזורית מרום הגליל
273,עין גב,22,כנרת,6.0,מועצה אזורית עמק הירדן
2042,עין גדי,62,באר שבע,51.0,מועצה אזורית תמר
436,עין דור,23,יזרעאל,9.0,מועצה אזורית עמק יזרעאל
1240,עין הבשור,62,באר שבע,38.0,מועצה אזורית אשכול
74,עין הוד,32,חדרה,15.0,מועצה אזורית חוף הכרמל
167,עין החורש,41,השרון,16.0,מועצה אזורית עמק חפר
289,עין המפרץ,24,עכו,4.0,מועצה אזורית מטה אשר
383,"עין הנצי""ב",23,יזרעאל,7.0,מועצה אזורית עמק המעיינות
367,עין העמק,23,יזרעאל,13.0,מועצה אזורית מגידו
270,עין השופט,23,יזרעאל,13.0,מועצה אזורית מגידו
676,עין השלושה,62,באר שבע,38.0,מועצה אזורית אשכול
157,עין ורד,41,השרון,18.0,מועצה אזורית לב השרון
4503,עין זיוון,29,גולן,71.0,מועצה אזורית גולן
1320,עין חוד,32,חדרה,15.0,מועצה אזורית חוף הכרמל
1053,עין חצבה,62,באר שבע,51.0,מועצה אזורית תמר
89,עין חרוד (איחוד),23,יזרעאל,8.0,מועצה אזורית הגלבוע
82,עין חרוד (מאוחד),23,יזרעאל,8.0,מועצה אזורית הגלבוע
806,עין יהב,62,באר שבע,54.0,מועצה אזורית הערבה התיכונה
813,עין יעקב,24,עכו,52.0,מועצה אזורית מעלה יוסף
1056,"עין כרם-בי""ס חקלאי",11,ירושלים,26.0,מועצה אזורית מטה יהודה
426,עין כרמל,32,חדרה,15.0,מועצה אזורית חוף הכרמל
532,עין מאהל,25,יזרעאל,99.0,מועצה מקומית
521,עין נקובא,11,ירושלים,26.0,מועצה אזורית מטה יהודה
223,עין עירון,32,חדרה,14.0,מועצה אזורית מנשה
622,עין צורים,61,אשקלון,34.0,מועצה אזורית שפיר
4502,עין קנייא,29,גולן,99.0,מועצה מקומית
514,עין ראפה,11,ירושלים,26.0,מועצה אזורית מטה יהודה
139,עין שמר,32,חדרה,14.0,מועצה אזורית מנשה
880,עין שריד,41,השרון,18.0,מועצה אזורית לב השרון
1251,עין תמר,62,באר שבע,51.0,מועצה אזורית תמר
871,עינת,42,פתח תקווה,20.0,מועצה אזורית דרום השרון
1187,עיר אובות,62,באר שבע,54.0,מועצה אזורית הערבה התיכונה
7600,עכו,24,עכו,0.0,עירייה
1146,עלומים,62,באר שבע,39.0,מועצה אזורית שדות נגב
3765,עלי,72,שכם,73.0,מועצה אזורית מטה בנימין
3727,עלי זהב,73,טול כרם,72.0,מועצה אזורית שומרון
688,עלמה,21,צפת,2.0,מועצה אזורית מרום הגליל
3715,עלמון,74,ראמאללה,73.0,מועצה אזורית מטה בנימין
1212,עמוקה,21,צפת,2.0,מועצה אזורית מרום הגליל
3824,עמיחי,74,ראמאללה,73.0,מועצה אזורית מטה בנימין
779,עמינדב,11,ירושלים,26.0,מועצה אזורית מטה יהודה
385,עמיעד,21,צפת,1.0,מועצה אזורית הגליל העליון
318,עמיעוז,62,באר שבע,38.0,מועצה אזורית אשכול
773,עמיקם,32,חדרה,45.0,מועצה אזורית אלונה
319,עמיר,21,צפת,1.0,מועצה אזורית הגליל העליון
3660,עמנואל,73,טול כרם,99.0,מועצה מקומית
1824,"עמק בית שאן מ""א 7",23,יזרעאל,7.0,מועצה אזורית עמק המעיינות
1825,"עמק בית שאן של""ש",23,יזרעאל,,חסר מעמד מוניציפלי
1806,"עמק חולה מ""א 1",21,צפת,1.0,מועצה אזורית הגליל העליון
1807,"עמק חולה מ""א 55",21,צפת,55.0,מועצה אזורית מבואות החרמון
1808,"עמק חולה של""ש",21,צפת,,חסר מעמד מוניציפלי
1875,"עמק חפר מזרח מ""א 16",41,השרון,16.0,מועצה אזורית עמק חפר
1826,"עמק חרוד מ""א 8",23,יזרעאל,8.0,מועצה אזורית הגלבוע
1827,"עמק חרוד של""ש",23,יזרעאל,,חסר מעמד מוניציפלי
1834,"עמק יזרעאל מ""א 13",23,יזרעאל,13.0,מועצה אזורית מגידו
1832,"עמק יזרעאל מ""א 8",23,יזרעאל,8.0,מועצה אזורית הגלבוע
1833,"עמק יזרעאל מ""א 9",23,יזרעאל,9.0,מועצה אזורית עמק יזרעאל
708,עמקה,24,עכו,4.0,מועצה אזורית מטה אשר
3712,ענב,73,טול כרם,72.0,מועצה אזורית שומרון
534,עספיא,31,חיפה,99.0,מועצה מקומית
7700,עפולה,23,יזרעאל,0.0,עירייה
3617,עפרה,74,ראמאללה,73.0,מועצה אזורית מטה בנימין
3778,עץ אפרים,73,טול כרם,72.0,מועצה אזורית שומרון
917,עצמון שגב,24,עכו,56.0,מועצה אזורית משגב
531,עראבה,24,עכו,0.0,עירייה
1246,עראמשה*,24,עכו,4.0,מועצה אזורית מטה אשר
1335,ערב אל נעים,24,עכו,56.0,מועצה אזורית משגב
2560,ערד,62,באר שבע,0.0,עירייה
593,ערוגות,61,אשקלון,33.0,מועצה אזורית באר טוביה
637,ערערה,32,חדרה,99.0,מועצה מקומית
1192,ערערה-בנגב,62,באר שבע,99.0,מועצה מקומית
591,עשרת,44,רחובות,32.0,מועצה אזורית גדרות
53,עתלית,32,חדרה,15.0,מועצה אזורית חוף הכרמל
3748,עתניאל,77,חברון,78.0,מועצה אזורית הר חברון
1151,פארן,62,באר שבע,54.0,מועצה אזורית הערבה התיכונה
1961,"פארק הירדן מ""א 6",22,כנרת,6.0,מועצה אזורית עמק הירדן
1763,פארק תעשיות ספירים,61,אשקלון,37.0,מועצה אזורית שער הנגב
1745,פארק תעשיות עמק חפר,41,השרון,16.0,מועצה אזורית עמק חפר
3768,פדואל,73,טול כרם,72.0,מועצה אזורית שומרון
750,פדויים,62,באר שבע,42.0,מועצה אזורית מרחבים
838,פדיה,43,רמלה,30.0,מועצה אזורית גזר
537,פוריידיס,32,חדרה,99.0,מועצה מקומית
1104,פורייה - כפר עבודה,22,כנרת,6.0,מועצה אזורית עמק הירדן
1105,פורייה - נווה עובד,22,כנרת,6.0,מועצה אזורית עמק הירדן
1313,פורייה עילית,22,כנרת,6.0,מועצה אזורית עמק הירדן
767,פורת,41,השרון,18.0,מועצה אזורית לב השרון
749,פטיש,62,באר שבע,42.0,מועצה אזורית מרחבים
1185,פלך,24,עכו,56.0,מועצה אזורית משגב
597,פלמחים,44,רחובות,27.0,מועצה אזורית גן רווה
3723,פני חבר,77,חברון,78.0,מועצה אזורית הר חברון
3659,פסגות,74,ראמאללה,73.0,מועצה אזורית מטה בנימין
535,פסוטה,24,עכו,99.0,מועצה מקומית
2059,"פעמי תש""ז",62,באר שבע,42.0,מועצה אזורית מרחבים
3615,פצאל,75,ירדן-יריחו,75.0,מועצה אזורית ערבות הירדן
536,פקיעין (בוקייעה),24,עכו,99.0,מועצה מקומית
281,פקיעין חדשה,24,עכו,52.0,מועצה אזורית מעלה יוסף
7800,פרדס חנה-כרכור,32,חדרה,99.0,מועצה מקומית
171,פרדסייה,41,השרון,99.0,מועצה מקומית
599,פרוד,21,צפת,2.0,מועצה אזורית מרום הגליל
2053,פרזון,23,יזרעאל,8.0,מועצה אזורית הגלבוע
1231,פרי גן,62,באר שבע,38.0,מועצה אזורית אשכול
7900,פתח תקווה,42,פתח תקווה,0.0,עירייה
839,פתחיה,43,רמלה,30.0,מועצה אזורית גזר
413,צאלים,62,באר שבע,38.0,מועצה אזורית אשכול
1180,צביה,24,עכו,56.0,מועצה אזורית משגב
1213,צבעון,24,עכו,1.0,מועצה אזורית הגליל העליון
465,צובה,11,ירושלים,26.0,מועצה אזורית מטה יהודה
1136,צוחר,62,באר שבע,38.0,מועצה אזורית אשכול
1111,צופייה,44,רחובות,29.0,מועצה אזורית חבל יבנה
3791,צופים,73,טול כרם,72.0,מועצה אזורית שומרון
198,צופית,42,פתח תקווה,20.0,מועצה אזורית דרום השרון
1150,צופר,62,באר שבע,54.0,מועצה אזורית הערבה התיכונה
1102,צוקי ים,41,השרון,16.0,מועצה אזורית עמק חפר
1262,צוקים,62,באר שבע,54.0,מועצה אזורית הערבה התיכונה
1113,צור הדסה,11,ירושלים,26.0,מועצה אזורית מטה יהודה
1345,צור יצחק,42,פתח תקווה,20.0,מועצה אזורית דרום השרון
276,צור משה,41,השרון,18.0,מועצה אזורית לב השרון
1148,צור נתן,42,פתח תקווה,20.0,מועצה אזורית דרום השרון
774,צוריאל,24,עכו,52.0,מועצה אזורית מעלה יוסף
1221,צורית,24,עכו,56.0,מועצה אזורית משגב
613,ציפורי,23,יזרעאל,9.0,מועצה אזורית עמק יזרעאל
796,צלפון,11,ירושלים,26.0,מועצה אזורית מטה יהודה
636,צנדלה,23,יזרעאל,8.0,מועצה אזורית הגלבוע
594,צפרייה,43,רמלה,40.0,מועצה אזורית שדות דן
1079,צפרירים,11,ירושלים,26.0,מועצה אזורית מטה יהודה
8000,צפת,21,צפת,0.0,עירייה
612,צרופה,32,חדרה,15.0,מועצה אזורית חוף הכרמל
567,צרעה,11,ירושלים,26.0,מועצה אזורית מטה יהודה
1234,קבועה (שבט),62,באר שבע,,חסר מעמד מוניציפלי
334,קבוצת יבנה,44,רחובות,29.0,מועצה אזורית חבל יבנה
3557,קדומים,73,טול כרם,99.0,מועצה מקומית
195,קדימה-צורן,41,השרון,99.0,מועצה מקומית
392,קדמה,61,אשקלון,35.0,מועצה אזורית יואב
4025,קדמת צבי,29,גולן,71.0,מועצה אזורית גולן
3781,קדר,76,בית לחם,76.0,מועצה אזורית גוש עציון
615,קדרון,44,רחובות,28.0,מועצה אזורית ברנר
1211,קדרים,21,צפת,1.0,מועצה אזורית הגליל העליון
964,קודייראת א-צאנע (שבט),62,באר שבע,,חסר מעמד מוניציפלי
972,קוואעין (שבט),62,באר שבע,,חסר מעמד מוניציפלי
766,קוממיות,61,אשקלון,34.0,מועצה אזורית שפיר
1179,קורנית,24,עכו,56.0,מועצה אזורית משגב
1052,קטורה,62,באר שבע,53.0,מועצה אזורית חבל אילות
1167,קיסריה,32,חדרה,15.0,מועצה אזורית חוף הכרמל
414,קלחים,62,באר שבע,42.0,מועצה אזורית מרחבים
3601,קליה,75,ירדן-יריחו,74.0,מועצה אזורית מגילות ים המלח
638,קלנסווה,41,השרון,0.0,עירייה
4024,קלע,29,גולן,71.0,מועצה אזורית גולן
1243,קציר,32,חדרה,14.0,מועצה אזורית מנשה
1347,קצר א-סר,62,באר שבע,68.0,מועצה אזורית נווה מדבר
4100,קצרין,29,גולן,99.0,מועצה מקומית
2620,קריית אונו,52,תל אביב,0.0,עירייה
3611,קריית ארבע,77,חברון,99.0,מועצה מקומית
6800,קריית אתא,31,חיפה,0.0,עירייה
9500,קריית ביאליק,31,חיפה,0.0,עירייה
2630,קריית גת,61,אשקלון,0.0,עירייה
1768,קריית חינוך מרחבים*,62,באר שבע,42.0,מועצה אזורית מרחבים
2300,קריית טבעון,31,חיפה,99.0,מועצה מקומית
9600,קריית ים,31,חיפה,0.0,עירייה
1137,קריית יערים,11,ירושלים,99.0,מועצה מקומית
2039,קריית יערים (מוסד),11,ירושלים,26.0,מועצה אזורית מטה יהודה
8200,קריית מוצקין,31,חיפה,0.0,עירייה
1034,קריית מלאכי,61,אשקלון,0.0,עירייה
3746,קריית נטפים,73,טול כרם,72.0,מועצה אזורית שומרון
78,קריית ענבים,11,ירושלים,26.0,מועצה אזורית מטה יהודה
469,קריית עקרון,44,רחובות,99.0,מועצה מקומית
412,קריית שלמה,41,השרון,19.0,מועצה אזורית חוף השרון
2800,קריית שמונה,21,צפת,0.0,עירייה
1766,קרית חינוך עזתה,62,באר שבע,39.0,מועצה אזורית שדות נגב
1746,קרית תעופה,43,רמלה,25.0,מועצה אזורית חבל מודיעין
3640,קרני שומרון,73,טול כרם,99.0,מועצה מקומית
4006,קשת,29,גולן,71.0,מועצה אזורית גולן
543,ראמה,24,עכו,99.0,מועצה מקומית
1334,ראס אל-עין,24,עכו,56.0,מועצה אזורית משגב
990,ראס עלי,31,חיפה,12.0,מועצה אזורית זבולון
2640,ראש העין,42,פתח תקווה,0.0,עירייה
26,ראש פינה,21,צפת,99.0,מועצה מקומית
3602,ראש צורים,76,בית לחם,76.0,מועצה אזורית גוש עציון
8300,ראשון לציון,44,רחובות,0.0,עירייה
3795,רבבה,72,שכם,72.0,מועצה אזורית שומרון
564,רבדים,61,אשקלון,35.0,מועצה אזורית יואב
354,רביבים,62,באר שבע,48.0,מועצה אזורית רמת נגב
1225,רביד,22,כנרת,6.0,מועצה אזורית עמק הירדן
390,רגבה,24,עכו,4.0,מועצה אזורית מטה אשר
444,רגבים,32,חדרה,14.0,מועצה אזורית מנשה
1161,רהט,62,באר שבע,0.0,עירייה
2051,רווחה,61,אשקלון,34.0,מועצה אזורית שפיר
2016,רוויה,23,יזרעאל,7.0,מועצה אזורית עמק המעיינות
1341,רוח מדבר,62,באר שבע,48.0,מועצה אזורית רמת נגב
362,רוחמה,61,אשקלון,37.0,מועצה אזורית שער הנגב
539,רומאנה,25,יזרעאל,65.0,מועצה אזורית אל-בטוף
997,רומת הייב,25,יזרעאל,65.0,מועצה אזורית אל-בטוף
3619,רועי,75,ירדן-יריחו,75.0,מועצה אזורית ערבות הירדן
3782,רותם,75,ירדן-יריחו,75.0,מועצה אזורית ערבות הירדן
854,רחוב,23,יזרעאל,7.0,מועצה אזורית עמק המעיינות
8400,רחובות,44,רחובות,0.0,עירייה
3822,רחלים,72,שכם,72.0,מועצה אזורית שומרון
540,ריחאנייה,21,צפת,2.0,מועצה אזורית מרום הגליל
3568,ריחן,71,ג'נין,72.0,מועצה אזורית שומרון
542,ריינה,25,יזרעאל,99.0,מועצה מקומית
3565,רימונים,74,ראמאללה,73.0,מועצה אזורית מטה בנימין
616,רינתיה,42,פתח תקווה,25.0,מועצה אזורית חבל מודיעין
922,רכסים,31,חיפה,99.0,מועצה מקומית
1069,רם-און,23,יזרעאל,8.0,מועצה אזורית הגלבוע
4702,רמות,29,גולן,71.0,מועצה אזורית גולן
206,רמות השבים,42,פתח תקווה,20.0,מועצה אזורית דרום השרון
735,רמות מאיר,43,רמלה,30.0,מועצה אזורית גזר
445,רמות מנשה,23,יזרעאל,13.0,מועצה אזורית מגידו
372,רמות נפתלי,21,צפת,55.0,מועצה אזורית מבואות החרמון
8500,רמלה,43,רמלה,0.0,עירייה
8600,רמת גן,52,תל אביב,0.0,עירייה
135,רמת דוד,23,יזרעאל,9.0,מועצה אזורית עמק יזרעאל
184,רמת הכובש,42,פתח תקווה,20.0,מועצה אזורית דרום השרון
335,רמת השופט,23,יזרעאל,13.0,מועצה אזורית מגידו
2650,רמת השרון,51,תל אביב,0.0,עירייה
178,רמת יוחנן,31,חיפה,12.0,מועצה אזורית זבולון
122,רמת ישי,23,יזרעאל,99.0,מועצה מקומית
1828,"רמת כוכב מ""א 7",23,יזרעאל,7.0,מועצה אזורית עמק המעיינות
1829,"רמת כוכב מ""א 8",23,יזרעאל,8.0,מועצה אזורית הגלבוע
1830,"רמת כוכב מ""א 9",23,יזרעאל,9.0,מועצה אזורית עמק יזרעאל
1831,"רמת כוכב של""ש",23,יזרעאל,,חסר מעמד מוניציפלי
4701,רמת מגשימים,29,גולן,71.0,מועצה אזורית גולן
1837,"רמת מנשה מ""א 13",23,יזרעאל,13.0,מועצה אזורית מגידו
1838,"רמת מנשה של""ש",23,יזרעאל,,חסר מעמד מוניציפלי
339,רמת צבי,23,יזרעאל,8.0,מועצה אזורית הגלבוע
460,רמת רזיאל,11,ירושלים,26.0,מועצה אזורית מטה יהודה
127,רמת רחל,11,ירושלים,26.0,מועצה אזורית מטה יהודה
789,רנן,62,באר שבע,42.0,מועצה אזורית מרחבים
713,רעים,62,באר שבע,38.0,מועצה אזורית אשכול
8700,רעננה,42,פתח תקווה,0.0,עירייה
1228,רקפת,24,עכו,56.0,מועצה אזורית משגב
247,רשפון,41,השרון,19.0,מועצה אזורית חוף השרון
437,רשפים,23,יזרעאל,7.0,מועצה אזורית עמק המעיינות
1260,רתמים,62,באר שבע,48.0,מועצה אזורית רמת נגב
324,שאר ישוב,21,צפת,55.0,מועצה אזורית מבואות החרמון
1377,שבי דרום,62,באר שבע,42.0,מועצה אזורית מרחבים
282,שבי ציון,24,עכו,4.0,מועצה אזורית מטה אשר
3571,שבי שומרון,72,שכם,72.0,מועצה אזורית שומרון
913,שבלי - אום אל-גנם,23,יזרעאל,99.0,מועצה מקומית
1286,שגב-שלום,62,באר שבע,99.0,מועצה מקומית
721,שדה אילן,22,כנרת,3.0,מועצה אזורית הגליל התחתון
304,שדה אליהו,23,יזרעאל,7.0,מועצה אזורית עמק המעיינות
861,שדה אליעזר,21,צפת,55.0,מועצה אזורית מבואות החרמון
885,שדה בוקר,62,באר שבע,48.0,מועצה אזורית רמת נגב
36,שדה דוד,61,אשקלון,50.0,מועצה אזורית לכיש
284,שדה ורבורג,42,פתח תקווה,20.0,מועצה אזורית דרום השרון
293,שדה יואב,61,אשקלון,35.0,מועצה אזורית יואב
142,שדה יעקב,23,יזרעאל,9.0,מועצה אזורית עמק יזרעאל
2008,שדה יצחק,32,חדרה,14.0,מועצה אזורית מנשה
18,שדה משה,61,אשקלון,50.0,מועצה אזורית לכיש
259,שדה נחום,23,יזרעאל,7.0,מועצה אזורית עמק המעיינות
329,שדה נחמיה,21,צפת,1.0,מועצה אזורית הגליל העליון
1058,שדה ניצן,62,באר שבע,38.0,מועצה אזורית אשכול
739,שדה עוזיהו,61,אשקלון,33.0,מועצה אזורית באר טוביה
2049,שדה צבי,62,באר שבע,42.0,מועצה אזורית מרחבים
327,שדות ים,32,חדרה,15.0,מועצה אזורית חוף הכרמל
27,שדות מיכה,11,ירושלים,26.0,מועצה אזורית מטה יהודה
1223,שדי אברהם,62,באר שבע,38.0,מועצה אזורית אשכול
2015,שדי חמד,42,פתח תקווה,20.0,מועצה אזורית דרום השרון
2057,שדי תרומות,23,יזרעאל,7.0,מועצה אזורית עמק המעיינות
555,שדמה,44,רחובות,32.0,מועצה אזורית גדרות
306,שדמות דבורה,22,כנרת,3.0,מועצה אזורית הגליל התחתון
3578,שדמות מחולה,75,ירדן-יריחו,75.0,מועצה אזורית ערבות הירדן
1031,שדרות,61,אשקלון,0.0,עירייה
741,שואבה,11,ירושלים,26.0,מועצה אזורית מטה יהודה
761,שובה,62,באר שבע,39.0,מועצה אזורית שדות נגב
394,שובל,62,באר שבע,41.0,מועצה אזורית בני שמעון
1304,שוהם,43,רמלה,99.0,מועצה מקומית
614,שומרה,24,עכו,52.0,מועצה אזורית מעלה יוסף
1265,שומרייה,62,באר שבע,41.0,מועצה אזורית בני שמעון
415,שוקדה,62,באר שבע,39.0,מועצה אזורית שדות נגב
456,שורש,11,ירושלים,26.0,מועצה אזורית מטה יהודה
1235,שורשים,24,עכו,56.0,מועצה אזורית משגב
224,שושנת העמקים,41,השרון,16.0,מועצה אזורית עמק חפר
527,שזור,24,עכו,2.0,מועצה אזורית מרום הגליל
7,שחר,61,אשקלון,50.0,מועצה אזורית לכיש
1266,שחרות,62,באר שבע,53.0,מועצה אזורית חבל אילות
865,שיבולים,62,באר שבע,39.0,מועצה אזורית שדות נגב
1378,שיזף,62,באר שבע,48.0,מועצה אזורית רמת נגב
1267,שיטים,62,באר שבע,53.0,מועצה אזורית חבל אילות
658,שייח' דנון,24,עכו,4.0,מועצה אזורית מטה אשר
3641,שילה,74,ראמאללה,73.0,מועצה אזורית מטה בנימין
1165,שילת,43,רמלה,25.0,מועצה אזורית חבל מודיעין
1160,שכניה,24,עכו,56.0,מועצה אזורית משגב
873,שלווה,61,אשקלון,34.0,מועצה אזורית שפיר
1373,שלווה במדבר,62,באר שבע,48.0,מועצה אזורית רמת נגב
439,שלוחות,23,יזרעאל,7.0,מועצה אזורית עמק המעיינות
812,שלומי,24,עכו,99.0,מועצה מקומית
1364,שלומית,62,באר שבע,38.0,מועצה אזורית אשכול
1793,שלומציון,75,ירדן-יריחו,75.0,מועצה אזורית ערבות הירדן
366,שמיר,21,צפת,1.0,מועצה אזורית הגליל העליון
3784,שמעה,77,חברון,78.0,מועצה אזורית הר חברון
432,שמרת,24,עכו,4.0,מועצה אזורית מטה אשר
1337,שמשית,23,יזרעאל,9.0,מועצה אזורית עמק יזרעאל
1287,שני,62,באר שבע,,חסר מעמד מוניציפלי
1132,שניר,21,צפת,1.0,מועצה אזורית הגליל העליון
538,שעב,24,עכו,99.0,מועצה מקומית
4009,שעל,29,גולן,71.0,מועצה אזורית גולן
856,שעלבים,43,רמלה,30.0,מועצה אזורית גזר
661,שער אפרים,41,השרון,18.0,מועצה אזורית לב השרון
264,שער הגולן,22,כנרת,6.0,מועצה אזורית עמק הירדן
237,שער העמקים,31,חיפה,12.0,מועצה אזורית זבולון
921,שער מנשה,32,חדרה,14.0,מועצה אזורית מנשה
3720,שערי תקווה,73,טול כרם,72.0,מועצה אזורית שומרון
232,שפיים,41,השרון,19.0,מועצה אזורית חוף השרון
692,שפיר,61,אשקלון,34.0,מועצה אזורית שפיר
1803,"שפלת יהודה מ""א 26",11,ירושלים,26.0,מועצה אזורית מטה יהודה
1804,"שפלת יהודה של""ש",11,ירושלים,,חסר מעמד מוניציפלי
846,שפר,21,צפת,2.0,מועצה אזורית מרום הגליל
8800,שפרעם,24,עכו,0.0,עירייה
3649,שקד,71,ג'נין,72.0,מועצה אזורית שומרון
1233,שקף,61,אשקלון,50.0,מועצה אזורית לכיש
292,שרונה,22,כנרת,3.0,מועצה אזורית הגליל התחתון
1114,שריגים (לי-און),11,ירושלים,26.0,מועצה אזורית מטה יהודה
126,שריד,23,יזרעאל,9.0,מועצה אזורית עמק יזרעאל
398,שרשרת,62,באר שבע,39.0,מועצה אזורית שדות נגב
1045,שתולה,24,עכו,52.0,מועצה אזורית מעלה יוסף
763,שתולים,61,אשקלון,33.0,מועצה אזורית באר טוביה
2062,תאשור,62,באר שבע,41.0,מועצה אזורית בני שמעון
2061,תדהר,62,באר שבע,41.0,מועצה אזורית בני שמעון
1172,תובל,24,עכו,56.0,מועצה אזורית משגב
3558,תומר,75,ירדן-יריחו,75.0,מועצה אזורית ערבות הירדן
1083,תושייה,62,באר שבע,39.0,מועצה אזורית שדות נגב
163,תימורים,61,אשקלון,33.0,מועצה אזורית באר טוביה
10,תירוש,11,ירושלים,26.0,מועצה אזורית מטה יהודה
5000,תל אביב -יפו,51,תל אביב,0.0,עירייה
1707,תל חי (מכללה),21,צפת,1.0,מועצה אזורית הגליל העליון
84,תל יוסף,23,יזרעאל,8.0,מועצה אזורית הגלבוע
287,תל יצחק,41,השרון,19.0,מועצה אזורית חוף השרון
154,תל מונד,41,השרון,99.0,מועצה מקומית
103,תל עדשים,23,יזרעאל,9.0,מועצה אזורית עמק יזרעאל
719,תל קציר,22,כנרת,6.0,מועצה אזורית עמק הירדן
1054,תל שבע,62,באר שבע,99.0,מועצה מקומית
1283,תל תאומים,23,יזרעאל,7.0,מועצה אזורית עמק המעיינות
3719,תלם,77,חברון,78.0,מועצה אזורית הר חברון
1051,תלמי אליהו,62,באר שבע,38.0,מועצה אזורית אשכול
2003,תלמי אלעזר,32,חדרה,14.0,מועצה אזורית מנשה
2050,"תלמי ביל""ו",62,באר שבע,42.0,מועצה אזורית מרחבים
1237,תלמי יוסף,62,באר שבע,38.0,מועצה אזורית אשכול
727,תלמי יחיאל,61,אשקלון,33.0,מועצה אזורית באר טוביה
744,תלמי יפה,61,אשקלון,36.0,מועצה אזורית חוף אשקלון
814,תלמים,61,אשקלון,50.0,מועצה אזורית לכיש
1244,תמרת,23,יזרעאל,9.0,מועצה אזורית עמק יזרעאל
2002,תנובות,41,השרון,18.0,מועצה אזורית לב השרון
752,תעוז,11,ירושלים,26.0,מועצה אזורית מטה יהודה
1744,תעשיון בינימין*,42,פתח תקווה,20.0,מועצה אזורית דרום השרון
1709,תעשיון דלתון,21,צפת,2.0,מועצה אזורית מרום הגליל
1741,תעשיון השרון,41,השרון,18.0,מועצה אזורית לב השרון
1750,תעשיון חבל יבנה,44,רחובות,29.0,מועצה אזורית חבל יבנה
1742,תעשיון חצב*,42,פתח תקווה,20.0,מועצה אזורית דרום השרון
1754,תעשיון מבצע*,61,אשקלון,33.0,מועצה אזורית באר טוביה
1794,תעשיון מיתרים,77,חברון,78.0,מועצה אזורית הר חברון
1749,תעשיון צריפין,43,רמלה,40.0,מועצה אזורית שדות דן
1755,תעשיון ראם*,61,אשקלון,35.0,מועצה אזורית יואב
1792,"תעשיון שח""ק",71,ג'נין,72.0,מועצה אזורית שומרון
1714,תעשיות גליל תחתון,22,כנרת,3.0,מועצה אזורית הגליל התחתון
709,תפרח,62,באר שבע,42.0,מועצה אזורית מרחבים
665,תקומה,62,באר שבע,39.0,מועצה אזורית שדות נגב
3563,תקוע,76,בית לחם,76.0,מועצה אזורית גוש עציון
970,תראבין א-צאנע (שבט),62,באר שבע,,חסר מעמד מוניציפלי
1346,תרבין א-צאנע (יישוב)*,62,באר שבע,69.0,מועצה אזורית אל קסום
778,תרום,11,ירושלים,26.0,מועצה אזורית מטה יהודה
